id,tank,pco2,temp,spp,rz,gen,sur_area,time,Growthmg.cm2.day
SFPZ1,280_31_3,280,31,S,F,Z,10.31688122,T30,NA
SFPZ10,400_31_3,400,31,S,F,Z,9.504307204,T30,0.842174558
SFPZ11,400_31_3,400,31,S,F,Z,8.290116213,T30,-0.017423694
SFPZ12,400_31_3,400,31,S,F,Z,8.884985239,T30,2.10123528
SFPZ13,400_28_3,400,28,S,F,Z,13.92064158,T30,NA
SFPZ17,700_31_3,700,31,S,F,Z,12.32800557,T30,NA
SFPZ18,700_31_3,700,31,S,F,Z,11.15325309,T30,1.010723692
SFPZ19,700_31_3,700,31,S,F,Z,9.87456947,T30,1.095908197
SFPZ20,700_31_3,700,31,S,F,Z,9.774347119,T30,1.128712977
SFPZ21,700_28_3,700,28,S,F,Z,9.663482864,T30,NA
SFPZ22,700_28_3,700,28,S,F,Z,NA,T30,NA
SFPZ23,700_28_3,700,28,S,F,Z,11.3218507,T30,0.565668276
SFPZ24,700_28_3,700,28,S,F,Z,9.683910216,T30,0.564940526
SFPZ25,280_31_3,280,31,S,F,Z,11.93075555,T30,NA
SFPZ26,400_28_3,400,28,S,F,Z,NA,T30,NA
SFPZ27,2800_31_3,2800,31,S,F,Z,9.403208735,T30,1.126556215
SFPZ28,2800_31_3,2800,31,S,F,Z,11.99463361,T30,1.306957019
SFPZ3,280_31_3,280,31,S,F,Z,10.44644889,T30,0.914319209
SFPZ31,2800_28_3,2800,28,S,F,Z,8.609650371,T30,NA
SFPZ32,2800_28_3,2800,28,S,F,Z,10.92071846,T30,NA
SFPZ35,400_31_3,400,31,S,F,Z,11.16895083,T30,NA
SFPZ37,2800_31_3,2800,31,S,F,Z,11.76011829,T30,1.165184088
SFPZ39,2800_31_3,2800,31,S,F,Z,11.06321455,T30,NA
SFPZ4,280_31_3,280,31,S,F,Z,NA,T30,NA
SFPZ40,280_31_3,280,31,S,F,Z,NA,T30,NA
SFPZ41,2800_28_3,2800,28,S,F,Z,NA,T30,NA
SFPZ42,280_28_3,280,28,S,F,Z,12.1252899,T30,NA
SFPZ43,2800_28_3,2800,28,S,F,Z,12.15526296,T30,0.136657768
SFPZ46,400_28_3,400,28,S,F,Z,7.538313942,T30,0.764277487
SFPZ48,400_28_3,400,28,S,F,Z,8.647031049,T30,0.962179961
SFPZ49,2800_28_3,2800,28,S,F,Z,8.64254529,T30,0.184604708
SFPZ5,280_28_3,280,28,S,F,Z,8.411733525,T30,NA
SFPZ6,280_28_3,280,28,S,F,Z,NA,T30,NA
SFPZ7,280_28_3,280,28,S,F,Z,10.70171051,T30,1.513524149
SFPZ8,280_28_3,280,28,S,F,Z,10.61037194,T30,0.874668259
SFSX1,280_31_1,280,31,S,F,X,11.02470952,T30,NA
SFSX10,400_31_1,400,31,S,F,X,13.31122949,T30,0.75009767
SFSX11,400_31_1,400,31,S,F,X,11.66394351,T30,1.323125162
SFSX12,400_31_1,400,31,S,F,X,8.967255238,T30,1.018830274
SFSX17,700_31_1,700,31,S,F,X,9.422301038,T30,0.663750185
SFSX18,700_31_1,700,31,S,F,X,10.42743389,T30,1.264521494
SFSX19,700_31_1,700,31,S,F,X,10.3143505,T30,0.839685525
SFSX2,280_31_1,280,31,S,F,X,10.38238125,T30,1.697319892
SFSX20,700_31_1,700,31,S,F,X,10.86728915,T30,NA
SFSX21,700_28_1,700,28,S,F,X,9.990745941,T30,NA
SFSX22,700_28_1,700,28,S,F,X,12.54470451,T30,0.591551067
SFSX23,700_28_1,700,28,S,F,X,9.02878928,T30,0.507943088
SFSX24,700_28_1,700,28,S,F,X,9.108383861,T30,0.298044738
SFSX25,2800_31_1,2800,31,S,F,X,9.990660988,T30,NA
SFSX26,2800_31_1,2800,31,S,F,X,10.95054852,T30,0.948075288
SFSX27,2800_31_1,2800,31,S,F,X,11.78878484,T30,0.972558065
SFSX28,2800_31_1,2800,31,S,F,X,9.403120581,T30,0.711591052
SFSX29,2800_28_1,2800,28,S,F,X,9.614402511,T30,NA
SFSX3,280_31_1,280,31,S,F,X,10.26791626,T30,1.461124373
SFSX30,2800_28_1,2800,28,S,F,X,9.437117689,T30,0.018615395
SFSX31,2800_28_1,2800,28,S,F,X,10.65095416,T30,0.196277301
SFSX32,2800_28_1,2800,28,S,F,X,11.25583127,T30,0.489158217
SFSX37,400_28_1,400,28,S,F,X,12.80567261,T30,0.035531129
SFSX39,400_28_1,400,28,S,F,X,10.06501398,T30,0.490221963
SFSX4,280_31_1,280,31,S,F,X,11.74422474,T30,2.439727043
SFSX40,400_28_1,400,28,S,F,X,9.308985558,T30,0.03173864
SFSX5,280_28_1,280,28,S,F,X,11.01166721,T30,NA
SFSX6,280_28_1,280,28,S,F,X,13.0493365,T30,0.965779201
SFSX7,280_28_1,280,28,S,F,X,NA,T30,NA
SFSX8,280_28_1,280,28,S,F,X,11.02098015,T30,0.975534953
SFSX9,400_31_1,400,31,S,F,X,13.79665482,T30,NA
SFSY1,280_31_2,280,31,S,F,Y,10.788036,T30,NA
SFSY10,400_31_2,400,31,S,F,Y,11.44645912,T30,1.484326078
SFSY11,400_31_2,400,31,S,F,Y,10.61349035,T30,1.423895392
SFSY12,400_31_2,400,31,S,F,Y,10.21421936,T30,1.223644313
SFSY17,700_31_2,700,31,S,F,Y,9.172896227,T30,NA
SFSY18,700_31_2,700,31,S,F,Y,10.12965156,T30,1.820985237
SFSY19,700_31_2,700,31,S,F,Y,7.727034385,T30,1.302726986
SFSY2,280_31_2,280,31,S,F,Y,11.04069463,T30,1.753110307
SFSY20,700_31_2,700,31,S,F,Y,11.08881017,T30,0.896012659
SFSY21,700_28_2,700,28,S,F,Y,9.249863135,T30,NA
SFSY22,700_28_2,700,28,S,F,Y,10.54056056,T30,1.786616977
SFSY23,700_28_2,700,28,S,F,Y,10.54019584,T30,1.091898453
SFSY24,700_28_2,700,28,S,F,Y,11.40582037,T30,1.059035324
SFSY25,2800_31_2,2800,31,S,F,Y,11.09795986,T30,NA
SFSY26,2800_31_2,2800,31,S,F,Y,NA,T30,NA
SFSY27,2800_31_2,2800,31,S,F,Y,10.8970979,T30,0.69999749
SFSY28,2800_31_2,2800,31,S,F,Y,9.804100241,T30,1.338518849
SFSY29,2800_28_2,2800,28,S,F,Y,11.20523125,T30,NA
SFSY3,280_31_2,280,31,S,F,Y,NA,T30,NA
SFSY30,2800_28_2,2800,28,S,F,Y,9.69539863,T30,0.654646505
SFSY32,2800_28_2,2800,28,S,F,Y,12.93495005,T30,1.062071194
SFSY35,280_31_2,280,31,S,F,Y,6.815652027,T30,NA
SFSY39,400_28_2,400,28,S,F,Y,12.2251075,T30,1.114137814
SFSY4,280_31_2,280,31,S,F,Y,7.241816945,T30,2.47328968
SFSY46,400_28_2,400,28,S,F,Y,7.830324629,T30,0.626352761
SFSY5,280_28_2,280,28,S,F,Y,9.785979148,T30,NA
SFSY54,2800_28_2,2800,28,S,F,Y,5.725161887,T30,0.87758642
SFSY6,280_28_2,280,28,S,F,Y,11.44768815,T30,1.190803267
SFSY61,400_28_2,400,28,S,F,Y,12.56532312,T30,1.285482263
SFSY7,280_28_2,280,28,S,F,Y,NA,T30,NA
SFSY8,280_28_2,280,28,S,F,Y,12.79958159,T30,1.05408851
SFSY9,400_31_2,400,31,S,F,Y,12.22443425,T30,NA
SNSX1,280_31_1,280,31,S,N,X,8.974755724,T30,NA
SNSX10,400_31_1,400,31,S,N,X,11.30734868,T30,0.059081538
SNSX11,400_31_1,400,31,S,N,X,10.74735655,T30,1.197503771
SNSX12,400_31_1,400,31,S,N,X,8.221233968,T30,0.909230905
SNSX17,700_31_1,700,31,S,N,X,9.796245036,T30,NA
SNSX18,700_31_1,700,31,S,N,X,11.49313411,T30,1.543157342
SNSX19,700_31_1,700,31,S,N,X,13.07542816,T30,1.577334529
SNSX2,280_31_1,280,31,S,N,X,6.087734992,T30,3.791850962
SNSX20,700_31_1,700,31,S,N,X,10.36689316,T30,1.728475315
SNSX21,700_28_1,700,28,S,N,X,9.497533826,T30,NA
SNSX22,700_28_1,700,28,S,N,X,11.30657827,T30,1.633636003
SNSX23,700_28_1,700,28,S,N,X,10.53825664,T30,1.881240956
SNSX24,700_28_1,700,28,S,N,X,8.877983162,T30,1.045345028
SNSX25,2800_31_1,2800,31,S,N,X,11.20202769,T30,NA
SNSX26,2800_31_1,2800,31,S,N,X,12.19297825,T30,0.863315646
SNSX27,2800_31_1,2800,31,S,N,X,9.759642072,T30,1.077365933
SNSX28,2800_31_1,2800,31,S,N,X,10.96984002,T30,0.90196798
SNSX29,2800_28_1,2800,28,S,N,X,10.87708244,T30,NA
SNSX3,280_31_1,280,31,S,N,X,10.41164323,T30,2.734785517
SNSX30,2800_28_1,2800,28,S,N,X,9.014287087,T30,0.305970742
SNSX31,2800_28_1,2800,28,S,N,X,9.183660091,T30,-0.059300387
SNSX32,2800_28_1,2800,28,S,N,X,8.658544355,T30,0.51666068
SNSX37,400_28_1,400,28,S,N,X,10.6928288,T30,0.837222114
SNSX38,400_28_1,400,28,S,N,X,12.6879686,T30,0.789402103
SNSX4,280_31_1,280,31,S,N,X,9.533569619,T30,3.609861389
SNSX40,400_28_1,400,28,S,N,X,9.663371319,T30,0.551567339
SNSX5,280_28_1,280,28,S,N,X,9.796247799,T30,NA
SNSX6,280_28_1,280,28,S,N,X,9.704965771,T30,1.846366009
SNSX7,280_28_1,280,28,S,N,X,10.43450467,T30,1.58847981
SNSX8,280_28_1,280,28,S,N,X,14.28425791,T30,1.627098309
SNSX9,400_31_1,400,31,S,N,X,9.786817778,T30,NA
SNSY1,400_31_2,400,31,S,N,Y,7.942647586,T30,NA
SNSY10,400_31_2,400,31,S,N,Y,NA,T30,NA
SNSY11,400_31_2,400,31,S,N,Y,12.48091936,T30,0.257504179
SNSY12,400_31_2,400,31,S,N,Y,NA,T30,NA
SNSY14,400_28_2,400,28,S,N,Y,10.84090902,T30,0.038155137
SNSY15,400_28_2,400,28,S,N,Y,9.546994076,T30,0.312568635
SNSY17,700_31_2,700,31,S,N,Y,7.863813799,T30,NA
SNSY18,700_31_2,700,31,S,N,Y,11.9885606,T30,1.567684924
SNSY19,700_31_2,700,31,S,N,Y,9.626517285,T30,1.706294726
SNSY2,280_31_2,280,31,S,N,Y,9.241743899,T30,1.64110441
SNSY20,700_31_2,700,31,S,N,Y,12.4652719,T30,1.392408998
SNSY21,700_28_2,700,28,S,N,Y,9.283649778,T30,NA
SNSY22,700_28_2,700,28,S,N,Y,11.56329815,T30,0.840062131
SNSY23,700_28_2,700,28,S,N,Y,8.162592949,T30,1.818253925
SNSY24,700_28_2,700,28,S,N,Y,8.208142791,T30,0.265518257
SNSY25,2800_31_2,2800,31,S,N,Y,7.993453783,T30,NA
SNSY26,2800_31_2,2800,31,S,N,Y,11.99892998,T30,1.216662542
SNSY27,400_31_2,400,31,S,N,Y,9.945446009,T30,-9.977143586
SNSY28,2800_31_2,2800,31,S,N,Y,10.30486231,T30,0.578824413
SNSY29,2800_28_2,2800,28,S,N,Y,8.777965091,T30,NA
SNSY3,280_31_2,280,31,S,N,Y,3.411558218,T30,2.27576034
SNSY30,2800_28_2,2800,28,S,N,Y,9.875591052,T30,0.789826144
SNSY31,2800_28_2,2800,28,S,N,Y,7.565367773,T30,0.777904698
SNSY32,2800_28_2,2800,28,S,N,Y,10.96454588,T30,1.025418049
SNSY33,280_31_2,280,31,S,N,Y,10.56426815,T30,NA
SNSY37,400_31_2,400,31,S,N,Y,10.41032745,T30,NA
SNSY39,400_28_2,400,28,S,N,Y,9.466261909,T30,0.363924011
SNSY4,280_31_2,280,31,S,N,Y,12.54516341,T30,1.889727831
SNSY40,2800_31_2,2800,31,S,N,Y,9.601171904,T30,0.863633312
SNSY5,280_28_2,280,28,S,N,Y,9.111943316,T30,NA
SNSY6,280_28_2,280,28,S,N,Y,10.12201374,T30,1.166309957
SNSY7,280_28_2,280,28,S,N,Y,9.139421396,T30,0.234505353
SNSY8,280_28_2,280,28,S,N,Y,12.13337321,T30,0.965770635
SNSZ1,280_31_3,280,31,S,N,Z,11.78022861,T30,NA
SNSZ10,400_31_3,400,31,S,N,Z,8.556919031,T30,0.521183174
SNSZ12,400_31_3,400,31,S,N,Z,8.749063764,T30,1.320776242
SNSZ17,700_31_3,700,31,S,N,Z,10.64733482,T30,NA
SNSZ18,700_31_3,700,31,S,N,Z,10.67923374,T30,1.760172851
SNSZ19,700_31_3,700,31,S,N,Z,12.20996494,T30,1.25026684
SNSZ2,280_31_3,280,31,S,N,Z,11.70842558,T30,1.292279261
SNSZ20,700_31_3,700,31,S,N,Z,9.460195162,T30,0.419681645
SNSZ21,700_28_3,700,28,S,N,Z,12.21045083,T30,NA
SNSZ22,700_28_3,700,28,S,N,Z,10.43545048,T30,1.185196133
SNSZ23,700_28_3,700,28,S,N,Z,8.175738208,T30,1.213597913
SNSZ24,700_28_3,700,28,S,N,Z,12.2367271,T30,0.925152064
SNSZ25,2800_31_3,2800,31,S,N,Z,10.73332214,T30,NA
SNSZ26,2800_31_3,2800,31,S,N,Z,10.49814494,T30,1.309334965
SNSZ27,400_28_3,400,28,S,N,Z,11.85687954,T30,0.041115371
SNSZ29,2800_28_3,2800,28,S,N,Z,10.46975626,T30,NA
SNSZ3,280_31_3,280,31,S,N,Z,11.42837091,T30,1.042726628
SNSZ32,2800_28_3,2800,28,S,N,Z,9.714428164,T30,0.724866822
SNSZ34,400_31_3,400,31,S,N,Z,10.44177331,T30,1.246777826
SNSZ4,280_31_3,280,31,S,N,Z,11.42826148,T30,1.766332626
SNSZ41,2800_31_3,2800,31,S,N,Z,8.738457538,T30,0.721724255
SNSZ42,2800_31_3,2800,31,S,N,Z,8.058395622,T30,0.529747994
SNSZ47,400_28_3,400,28,S,N,Z,9.951308036,T30,0.2820552
SNSZ48,2800_28_3,2800,28,S,N,Z,7.567535755,T30,-0.00520565
SNSZ5,280_28_3,280,28,S,N,Z,13.01024274,T30,NA
SNSZ50,400_28_3,400,28,S,N,Z,8.243693459,T30,0.39782477
SNSZ52,2800_28_3,2800,28,S,N,Z,6.654735978,T30,-0.130233066
SNSZ6,280_28_3,280,28,S,N,Z,11.03913725,T30,0.93732844
SNSZ7,280_28_3,280,28,S,N,Z,11.89111781,T30,1.310385171
SNSZ8,280_28_3,280,28,S,N,Z,12.15458747,T30,0.838299878
SNSZ9,400_31_3,400,31,S,N,Z,10.83481761,T30,NA
SFPX1,280_31_1,280,31,P,F,X,12.40013897,T30,NA
SFPX10,400_31_1,400,31,P,F,X,8.068759223,T30,-0.157121776
SFPX11,400_31_1,400,31,P,F,X,9.548318444,T30,0.99987688
SFPX12,400_31_1,400,31,P,F,X,10.57862473,T30,1.291169376
SFPX17,700_31_1,700,31,P,F,X,9.994337683,T30,NA
SFPX18,700_31_1,700,31,P,F,X,11.28594569,T30,1.167129678
SFPX19,700_31_1,700,31,P,F,X,12.50584599,T30,1.193013224
SFPX2,400_28_1,400,28,P,F,X,13.02590689,T30,0.934722332
SFPX20,700_31_1,700,31,P,F,X,10.82516588,T30,1.002399684
SFPX21,700_28_1,700,28,P,F,X,13.57705957,T30,NA
SFPX22,700_28_1,700,28,P,F,X,10.92101195,T30,1.388643491
SFPX24,700_28_1,700,28,P,F,X,14.80244858,T30,1.55489165
SFPX25,2800_31_1,2800,31,P,F,X,10.27355817,T30,NA
SFPX26,2800_31_1,2800,31,P,F,X,12.97746062,T30,0.695738699
SFPX27,2800_31_1,2800,31,P,F,X,10.97178607,T30,0.876245802
SFPX28,2800_31_1,2800,31,P,F,X,14.58624518,T30,1.586216614
SFPX3,400_28_1,400,28,P,F,X,13.03102447,T30,0.492005318
SFPX30,2800_28_1,2800,28,P,F,X,14.00692239,T30,NA
SFPX32,2800_28_1,2800,28,P,F,X,13.39946969,T30,0.768043272
SFPX33,700_28_1,700,28,P,F,X,10.48439663,T30,2.254302354
SFPX37,280_28_1,280,28,P,F,X,13.72456363,T30,1.318513215
SFPX4,400_28_1,400,28,P,F,X,13.43504994,T30,0.906256852
SFPX6,280_28_1,280,28,P,F,X,15.22822569,T30,NA
SFPX7,280_28_1,280,28,P,F,X,15.65321425,T30,1.296489904
SFPX9,400_31_1,400,31,P,F,X,13.09683164,T30,NA
SFSZ1,280_31_3,280,31,P,F,Z,10.07680878,T30,NA
SFSZ10,400_31_3,400,31,P,F,Z,12.87095844,T30,0.976782707
SFSZ11,400_31_3,400,31,P,F,Z,10.23726761,T30,0.891644172
SFSZ12,400_31_3,400,31,P,F,Z,12.94810252,T30,1.102678371
SFSZ17,700_31_3,700,31,P,F,Z,11.00500208,T30,NA
SFSZ18,700_31_3,700,31,P,F,Z,9.60228373,T30,0.764645427
SFSZ19,700_31_3,700,31,P,F,Z,10.66146804,T30,0.673529272
SFSZ2,280_31_3,280,31,P,F,Z,10.46528651,T30,1.306594796
SFSZ20,700_31_3,700,31,P,F,Z,12.21236255,T30,0.83514904
SFSZ21,700_28_3,700,28,P,F,Z,11.56374845,T30,NA
SFSZ22,700_28_3,700,28,P,F,Z,12.56615398,T30,0.838051042
SFSZ23,700_28_3,700,28,P,F,Z,12.92202173,T30,1.625820582
SFSZ24,700_28_3,700,28,P,F,Z,11.4001967,T30,1.188852132
SFSZ25,2800_31_3,2800,31,P,F,Z,11.39915836,T30,NA
SFSZ26,2800_31_3,2800,31,P,F,Z,9.600764957,T30,0.885599478
SFSZ27,2800_31_3,2800,31,P,F,Z,9.6890376,T30,0.965435839
SFSZ28,2800_31_3,2800,31,P,F,Z,9.833257295,T30,0.797942362
SFSZ29,2800_28_3,2800,28,P,F,Z,10.30552015,T30,NA
SFSZ3,280_31_3,280,31,P,F,Z,10.22583166,T30,1.180742503
SFSZ30,2800_28_3,2800,28,P,F,Z,11.22522947,T30,1.024527435
SFSZ31,2800_28_3,2800,28,P,F,Z,15.04720886,T30,0.935814012
SFSZ35,400_31_2,400,31,P,F,Z,9.283436045,T30,NA
SFSZ36,280_31_2,280,31,P,F,Z,9.901283355,T30,NA
SFSZ38,280_28_2,280,28,P,F,Z,15.06133794,T30,NA
SFSZ4,280_31_3,280,31,P,F,Z,12.03123452,T30,1.029904163
SFSZ40,400_28_3,400,28,P,F,Z,7.866291586,T30,-0.124327962
SFSZ41,400_28_3,400,28,P,F,Z,3.913694091,T30,0.025241594
SFSZ42,2800_28_3,2800,28,P,F,Z,10.57812779,T30,0.065372168
SFSZ44,400_28_3,400,28,P,F,Z,6.903062936,T30,0
SFSZ5,280_28_3,280,28,P,F,Z,10.47280755,T30,NA
SFSZ6,280_28_3,280,28,P,F,Z,12.37782516,T30,1.830206938
SFSZ7,280_28_3,280,28,P,F,Z,10.90717035,T30,1.435191106
SFSZ8,280_28_3,280,28,P,F,Z,13.15212131,T30,1.827752973
SFSZ9,400_31_3,400,31,P,F,Z,10.42930981,T30,NA
SNPX1,280_31_1,280,31,P,N,X,13.08025711,T30,NA
SNPX10,400_31_1,400,31,P,N,X,16.40948851,T30,1.236141177
SNPX11,400_31_1,400,31,P,N,X,14.80488021,T30,4.178512766
SNPX12,400_31_1,400,31,P,N,X,12.26878428,T30,0.789764024
SNPX17,700_31_1,700,31,P,N,X,11.40505437,T30,NA
SNPX18,700_31_1,700,31,P,N,X,12.56212829,T30,1.092982006
SNPX19,700_31_1,700,31,P,N,X,12.41147183,T30,1.095600764
SNPX20,700_31_1,700,31,P,N,X,12.76901002,T30,1.353119778
SNPX21,700_28_1,700,28,P,N,X,12.58013856,T30,NA
SNPX22,700_28_1,700,28,P,N,X,12.6447569,T30,2.19521351
SNPX23,700_28_1,700,28,P,N,X,17.57592461,T30,1.385955219
SNPX24,700_28_1,700,28,P,N,X,13.37553633,T30,1.127244518
SNPX25,2800_31_1,2800,31,P,N,X,16.40760434,T30,NA
SNPX26,2800_31_1,2800,31,P,N,X,15.40220449,T30,1.264068689
SNPX27,2800_31_1,2800,31,P,N,X,14.50425981,T30,1.271445271
SNPX28,2800_31_1,2800,31,P,N,X,16.61673469,T30,1.5422538
SNPX29,2800_28_1,2800,28,P,N,X,10.01577725,T30,NA
SNPX3,400_28_1,400,28,P,N,X,14.04665061,T30,1.054926347
SNPX30,2800_28_1,2800,28,P,N,X,13.53786018,T30,1.28863832
SNPX32,2800_28_1,2800,28,P,N,X,15.92628486,T30,0.152516398
SNPX33,400_28_1,400,28,P,N,X,NA,T30,NA
SNPX39,2800_28_1,2800,28,P,N,X,18.3487104,T30,0.850731167
SNPX4,400_28_1,400,28,P,N,X,7.687149005,T30,1.926049999
SNPX5,280_28_1,280,28,P,N,X,11.3159025,T30,NA
SNPX6,280_28_1,280,28,P,N,X,17.4259709,T30,2.022455073
SNPX7,280_28_1,280,28,P,N,X,9.799311521,T30,1.603440464
SNPX8,280_28_1,280,28,P,N,X,12.72582763,T30,1.877408273
SNPX9,400_31_1,400,31,P,N,X,14.97505892,T30,NA
SNPY1,280_31_2,280,31,P,N,Y,10.39757971,T30,NA
SNPY10,400_31_2,400,31,P,N,Y,10.64985278,T30,1.151547329
SNPY11,400_31_2,400,31,P,N,Y,9.027207326,T30,0.662072605
SNPY12,400_31_2,400,31,P,N,Y,11.780026,T30,0.614976949
SNPY17,700_31_2,700,31,P,N,Y,8.902318474,T30,NA
SNPY18,700_31_2,700,31,P,N,Y,13.13927043,T30,1.730870909
SNPY19,700_31_2,700,31,P,N,Y,10.45816983,T30,0.978682254
SNPY2,280_31_2,280,31,P,N,Y,13.17315985,T30,2.077168324
SNPY20,700_31_2,700,31,P,N,Y,13.75478815,T30,1.43913194
SNPY21,700_28_2,700,28,P,N,Y,8.718148695,T30,NA
SNPY22,700_28_2,700,28,P,N,Y,11.03303227,T30,0.662085874
SNPY23,700_28_2,700,28,P,N,Y,9.760858005,T30,1.686307076
SNPY24,700_28_2,700,28,P,N,Y,13.22241916,T30,1.650521635
SNPY26,2800_31_2,2800,31,P,N,Y,12.51716679,T30,1.383159906
SNPY27,2800_31_2,2800,31,P,N,Y,9.284636684,T30,1.059679455
SNPY28,2800_31_2,2800,31,P,N,Y,8.920762525,T30,2.369983369
SNPY29,2800_28_2,2800,28,P,N,Y,7.34542328,T30,NA
SNPY3,400_28_2,400,28,P,N,Y,8.734106021,T30,2.400672401
SNPY30,2800_28_2,2800,28,P,N,Y,9.08220684,T30,1.146355905
SNPY31,2800_28_2,2800,28,P,N,Y,12.03055591,T30,1.579476636
SNPY32,2800_28_2,2800,28,P,N,Y,12.48080368,T30,1.720854491
SNPY33,2800_31_2,2800,31,P,N,Y,8.244180101,T30,NA
SNPY34,400_28_2,400,28,P,N,Y,NA,T30,NA
SNPY35,400_28_2,400,28,P,N,Y,NA,T30,NA
SNPY4,280_31_2,280,31,P,N,Y,12.91308077,T30,1.97407492
SNPY5,280_28_2,280,28,P,N,Y,11.10802762,T30,NA
SNPY6,280_28_2,280,28,P,N,Y,13.88219069,T30,2.141002272
SNPY7,280_28_2,280,28,P,N,Y,11.6450151,T30,2.160525481
SNPY8,280_28_2,280,28,P,N,Y,9.324060272,T30,2.200168586
SNPY9,400_31_2,400,31,P,N,Y,10.186245,T30,NA
SNPZ1,280_31_3,280,31,P,N,Z,11.63327755,T30,NA
SNPZ10,400_31_3,400,31,P,N,Z,11.31066431,T30,2.624702565
SNPZ11,400_31_3,400,31,P,N,Z,10.08037922,T30,2.203743624
SNPZ12,400_31_3,400,31,P,N,Z,12.3887918,T30,3.517075395
SNPZ17,700_31_3,700,31,P,N,Z,11.67689975,T30,NA
SNPZ18,700_31_3,700,31,P,N,Z,12.54109767,T30,2.932431094
SNPZ19,700_31_3,700,31,P,N,Z,11.96398536,T30,1.179538553
SNPZ2,280_31_3,280,31,P,N,Z,13.85732268,T30,2.401558182
SNPZ20,700_31_3,700,31,P,N,Z,10.98901588,T30,0.566593622
SNPZ21,700_28_3,700,28,P,N,Z,11.09815471,T30,NA
SNPZ22,700_28_3,700,28,P,N,Z,13.26142853,T30,2.087242317
SNPZ23,700_28_3,700,28,P,N,Z,11.56793941,T30,1.797250959
SNPZ24,700_28_3,700,28,P,N,Z,13.06726037,T30,2.679583465
SNPZ25,2800_31_3,2800,31,P,N,Z,12.58377651,T30,NA
SNPZ26,2800_31_3,2800,31,P,N,Z,12.24102267,T30,2.381263387
SNPZ27,2800_31_3,2800,31,P,N,Z,13.96124484,T30,3.074463189
SNPZ28,2800_31_3,2800,31,P,N,Z,12.35184962,T30,1.919947432
SNPZ29,2800_28_3,2800,28,P,N,Z,11.88036067,T30,NA
SNPZ3,280_31_3,280,31,P,N,Z,11.66846802,T30,1.773321434
SNPZ30,2800_28_3,2800,28,P,N,Z,13.88002915,T30,1.588633391
SNPZ31,2800_28_3,2800,28,P,N,Z,12.26261114,T30,1.860941339
SNPZ32,2800_28_3,2800,28,P,N,Z,7.526001877,T30,2.22999718
SNPZ38,400_28_3,400,28,P,N,Z,12.53178473,T30,0.283984557
SNPZ39,280_31_2,280,31,P,N,Z,8.038008336,T30,NA
SNPZ4,280_31_3,280,31,P,N,Z,11.11281294,T30,2.909104428
SNPZ43,400_28_3,400,28,P,N,Z,7.014957498,T30,-2.267276529
SNPZ46,400_28_3,400,28,P,N,Z,8.95149212,T30,-0.742165078
SNPZ5,280_28_3,280,28,P,N,Z,11.03506207,T30,NA
SNPZ6,280_28_3,280,28,P,N,Z,13.05146428,T30,3.289931689
SNPZ7,280_28_3,280,28,P,N,Z,13.29803709,T30,2.368669033
SNPZ8,280_28_3,280,28,P,N,Z,12.25394487,T30,1.681304497
SNPZ9,400_31_3,400,31,P,N,Z,9.704998581,T30,NA
SFPZ1,280_31_3,280,31,S,F,Z,10.31688122,T60,NA
SFPZ10,400_31_3,400,31,S,F,Z,9.504307204,T60,NA
SFPZ11,400_31_3,400,31,S,F,Z,8.290116213,T60,-0.05517503
SFPZ12,400_31_3,400,31,S,F,Z,8.884985239,T60,0.295338034
SFPZ13,400_28_3,400,28,S,F,Z,13.92064158,T60,NA
SFPZ17,700_31_3,700,31,S,F,Z,12.32800557,T60,NA
SFPZ18,700_31_3,700,31,S,F,Z,11.15325309,T60,NA
SFPZ19,700_31_3,700,31,S,F,Z,9.87456947,T60,0.450652559
SFPZ20,700_31_3,700,31,S,F,Z,9.774347119,T60,1.320160165
SFPZ21,700_28_3,700,28,S,F,Z,9.663482864,T60,NA
SFPZ22,700_28_3,700,28,S,F,Z,NA,T60,NA
SFPZ23,700_28_3,700,28,S,F,Z,11.3218507,T60,NA
SFPZ24,700_28_3,700,28,S,F,Z,9.683910216,T60,0.385327972
SFPZ25,280_31_3,280,31,S,F,Z,11.93075555,T60,1.387320832
SFPZ26,400_28_3,400,28,S,F,Z,NA,T60,NA
SFPZ27,2800_31_3,2800,31,S,F,Z,9.403208735,T60,0.56129776
SFPZ28,2800_31_3,2800,31,S,F,Z,11.99463361,T60,NA
SFPZ3,280_31_3,280,31,S,F,Z,10.44644889,T60,NA
SFPZ31,2800_28_3,2800,28,S,F,Z,8.609650371,T60,NA
SFPZ32,2800_28_3,2800,28,S,F,Z,10.92071846,T60,0.549963816
SFPZ35,400_31_3,400,31,S,F,Z,11.16895083,T60,NA
SFPZ37,2800_31_3,2800,31,S,F,Z,11.76011829,T60,0.884344846
SFPZ39,2800_31_3,2800,31,S,F,Z,11.06321455,T60,NA
SFPZ4,280_31_3,280,31,S,F,Z,NA,T60,NA
SFPZ40,280_31_3,280,31,S,F,Z,NA,T60,NA
SFPZ41,2800_28_3,2800,28,S,F,Z,NA,T60,NA
SFPZ42,280_28_3,280,28,S,F,Z,12.1252899,T60,0.623429157
SFPZ43,2800_28_3,2800,28,S,F,Z,12.15526296,T60,0.547088123
SFPZ46,400_28_3,400,28,S,F,Z,7.538313942,T60,1.761003867
SFPZ48,400_28_3,400,28,S,F,Z,8.647031049,T60,NA
SFPZ49,2800_28_3,2800,28,S,F,Z,8.64254529,T60,NA
SFPZ5,280_28_3,280,28,S,F,Z,8.411733525,T60,NA
SFPZ6,280_28_3,280,28,S,F,Z,NA,T60,NA
SFPZ7,280_28_3,280,28,S,F,Z,10.70171051,T60,1.244003279
SFPZ8,280_28_3,280,28,S,F,Z,10.61037194,T60,NA
SFSX1,280_31_1,280,31,S,F,X,11.02470952,T60,NA
SFSX10,400_31_1,400,31,S,F,X,13.31122949,T60,0.757784023
SFSX11,400_31_1,400,31,S,F,X,11.66394351,T60,NA
SFSX12,400_31_1,400,31,S,F,X,8.967255238,T60,1.444349637
SFSX17,700_31_1,700,31,S,F,X,9.422301038,T60,1.048045479
SFSX18,700_31_1,700,31,S,F,X,10.42743389,T60,NA
SFSX19,700_31_1,700,31,S,F,X,10.3143505,T60,0.648862242
SFSX2,280_31_1,280,31,S,F,X,10.38238125,T60,NA
SFSX20,700_31_1,700,31,S,F,X,10.86728915,T60,NA
SFSX21,700_28_1,700,28,S,F,X,9.990745941,T60,NA
SFSX22,700_28_1,700,28,S,F,X,12.54470451,T60,0.529661296
SFSX23,700_28_1,700,28,S,F,X,9.02878928,T60,1.223862874
SFSX24,700_28_1,700,28,S,F,X,9.108383861,T60,NA
SFSX25,2800_31_1,2800,31,S,F,X,9.990660988,T60,NA
SFSX26,2800_31_1,2800,31,S,F,X,10.95054852,T60,0.314376269
SFSX27,2800_31_1,2800,31,S,F,X,11.78878484,T60,0.023327256
SFSX28,2800_31_1,2800,31,S,F,X,9.403120581,T60,NA
SFSX29,2800_28_1,2800,28,S,F,X,9.614402511,T60,NA
SFSX3,280_31_1,280,31,S,F,X,10.26791626,T60,0.710411369
SFSX30,2800_28_1,2800,28,S,F,X,9.437117689,T60,-0.31132387
SFSX31,2800_28_1,2800,28,S,F,X,10.65095416,T60,0.450663849
SFSX32,2800_28_1,2800,28,S,F,X,11.25583127,T60,NA
SFSX37,400_28_1,400,28,S,F,X,12.80567261,T60,NA
SFSX39,400_28_1,400,28,S,F,X,10.06501398,T60,0.456844686
SFSX4,280_31_1,280,31,S,F,X,11.74422474,T60,1.026982315
SFSX40,400_28_1,400,28,S,F,X,9.308985558,T60,1.272963625
SFSX5,280_28_1,280,28,S,F,X,11.01166721,T60,NA
SFSX6,280_28_1,280,28,S,F,X,13.0493365,T60,NA
SFSX7,280_28_1,280,28,S,F,X,NA,T60,NA
SFSX8,280_28_1,280,28,S,F,X,11.02098015,T60,1.201412266
SFSX9,400_31_1,400,31,S,F,X,13.79665482,T60,NA
SFSY1,280_31_2,280,31,S,F,Y,10.788036,T60,NA
SFSY10,400_31_2,400,31,S,F,Y,11.44645912,T60,1.266120155
SFSY11,400_31_2,400,31,S,F,Y,10.61349035,T60,0.964007235
SFSY12,400_31_2,400,31,S,F,Y,10.21421936,T60,NA
SFSY17,700_31_2,700,31,S,F,Y,9.172896227,T60,NA
SFSY18,700_31_2,700,31,S,F,Y,10.12965156,T60,1.83710754
SFSY19,700_31_2,700,31,S,F,Y,7.727034385,T60,1.459162654
SFSY2,280_31_2,280,31,S,F,Y,11.04069463,T60,NA
SFSY20,700_31_2,700,31,S,F,Y,11.08881017,T60,NA
SFSY21,700_28_2,700,28,S,F,Y,9.249863135,T60,NA
SFSY22,700_28_2,700,28,S,F,Y,10.54056056,T60,1.370894832
SFSY23,700_28_2,700,28,S,F,Y,10.54019584,T60,NA
SFSY24,700_28_2,700,28,S,F,Y,11.40582037,T60,1.251635171
SFSY25,2800_31_2,2800,31,S,F,Y,11.09795986,T60,NA
SFSY26,2800_31_2,2800,31,S,F,Y,NA,T60,NA
SFSY27,2800_31_2,2800,31,S,F,Y,10.8970979,T60,NA
SFSY28,2800_31_2,2800,31,S,F,Y,9.804100241,T60,0.448791821
SFSY29,2800_28_2,2800,28,S,F,Y,11.20523125,T60,NA
SFSY3,280_31_2,280,31,S,F,Y,NA,T60,NA
SFSY30,2800_28_2,2800,28,S,F,Y,9.69539863,T60,NA
SFSY32,2800_28_2,2800,28,S,F,Y,12.93495005,T60,0.504447251
SFSY35,280_31_2,280,31,S,F,Y,6.815652027,T60,0.7697618
SFSY39,400_28_2,400,28,S,F,Y,12.2251075,T60,1.469047144
SFSY4,280_31_2,280,31,S,F,Y,7.241816945,T60,2.426630557
SFSY46,400_28_2,400,28,S,F,Y,7.830324629,T60,0.823720638
SFSY5,280_28_2,280,28,S,F,Y,9.785979148,T60,NA
SFSY54,2800_28_2,2800,28,S,F,Y,5.725161887,T60,0.217985102
SFSY6,280_28_2,280,28,S,F,Y,11.44768815,T60,NA
SFSY61,400_28_2,400,28,S,F,Y,12.56532312,T60,NA
SFSY7,280_28_2,280,28,S,F,Y,NA,T60,NA
SFSY8,280_28_2,280,28,S,F,Y,12.79958159,T60,1.305308872
SFSY9,400_31_2,400,31,S,F,Y,12.22443425,T60,NA
SNSX1,280_31_1,280,31,S,N,X,8.974755724,T60,NA
SNSX10,400_31_1,400,31,S,N,X,11.30734868,T60,0.67491343
SNSX11,400_31_1,400,31,S,N,X,10.74735655,T60,NA
SNSX12,400_31_1,400,31,S,N,X,8.221233968,T60,1.177168515
SNSX17,700_31_1,700,31,S,N,X,9.796245036,T60,NA
SNSX18,700_31_1,700,31,S,N,X,11.49313411,T60,NA
SNSX19,700_31_1,700,31,S,N,X,13.07542816,T60,1.423223701
SNSX2,280_31_1,280,31,S,N,X,6.087734992,T60,1.00840278
SNSX20,700_31_1,700,31,S,N,X,10.36689316,T60,1.087596817
SNSX21,700_28_1,700,28,S,N,X,9.497533826,T60,NA
SNSX22,700_28_1,700,28,S,N,X,11.30657827,T60,1.047571083
SNSX23,700_28_1,700,28,S,N,X,10.53825664,T60,NA
SNSX24,700_28_1,700,28,S,N,X,8.877983162,T60,1.162989365
SNSX25,2800_31_1,2800,31,S,N,X,11.20202769,T60,NA
SNSX26,2800_31_1,2800,31,S,N,X,12.19297825,T60,-0.494136861
SNSX27,2800_31_1,2800,31,S,N,X,9.759642072,T60,NA
SNSX28,2800_31_1,2800,31,S,N,X,10.96984002,T60,-0.392827904
SNSX29,2800_28_1,2800,28,S,N,X,10.87708244,T60,NA
SNSX3,280_31_1,280,31,S,N,X,10.41164323,T60,NA
SNSX30,2800_28_1,2800,28,S,N,X,9.014287087,T60,-1.175911073
SNSX31,2800_28_1,2800,28,S,N,X,9.183660091,T60,-0.079271227
SNSX32,2800_28_1,2800,28,S,N,X,8.658544355,T60,NA
SNSX37,400_28_1,400,28,S,N,X,10.6928288,T60,0.462927079
SNSX38,400_28_1,400,28,S,N,X,12.6879686,T60,0.527475501
SNSX4,280_31_1,280,31,S,N,X,9.533569619,T60,1.252494209
SNSX40,400_28_1,400,28,S,N,X,9.663371319,T60,NA
SNSX5,280_28_1,280,28,S,N,X,9.796247799,T60,NA
SNSX6,280_28_1,280,28,S,N,X,9.704965771,T60,1.200607207
SNSX7,280_28_1,280,28,S,N,X,10.43450467,T60,NA
SNSX8,280_28_1,280,28,S,N,X,14.28425791,T60,1.505023802
SNSX9,400_31_1,400,31,S,N,X,9.786817778,T60,NA
SNSY1,400_31_2,400,31,S,N,Y,7.942647586,T60,0.12730152
SNSY10,400_31_2,400,31,S,N,Y,NA,T60,NA
SNSY11,400_31_2,400,31,S,N,Y,12.48091936,T60,0.76190375
SNSY12,400_31_2,400,31,S,N,Y,NA,T60,NA
SNSY14,400_28_2,400,28,S,N,Y,10.84090902,T60,0.532960637
SNSY15,400_28_2,400,28,S,N,Y,9.546994076,T60,0.775113082
SNSY17,700_31_2,700,31,S,N,Y,7.863813799,T60,NA
SNSY18,700_31_2,700,31,S,N,Y,11.9885606,T60,NA
SNSY19,700_31_2,700,31,S,N,Y,9.626517285,T60,1.306287583
SNSY2,280_31_2,280,31,S,N,Y,9.241743899,T60,NA
SNSY20,700_31_2,700,31,S,N,Y,12.4652719,T60,0.996546431
SNSY21,700_28_2,700,28,S,N,Y,9.283649778,T60,NA
SNSY22,700_28_2,700,28,S,N,Y,11.56329815,T60,1.045133061
SNSY23,700_28_2,700,28,S,N,Y,8.162592949,T60,0.35221651
SNSY24,700_28_2,700,28,S,N,Y,8.208142791,T60,NA
SNSY25,2800_31_2,2800,31,S,N,Y,7.993453783,T60,NA
SNSY26,2800_31_2,2800,31,S,N,Y,11.99892998,T60,0.214519128
SNSY27,400_31_2,400,31,S,N,Y,9.945446009,T60,NA
SNSY28,2800_31_2,2800,31,S,N,Y,10.30486231,T60,NA
SNSY29,2800_28_2,2800,28,S,N,Y,8.777965091,T60,NA
SNSY3,280_31_2,280,31,S,N,Y,3.411558218,T60,0.462712734
SNSY30,2800_28_2,2800,28,S,N,Y,9.875591052,T60,NA
SNSY31,2800_28_2,2800,28,S,N,Y,7.565367773,T60,-1.051634268
SNSY32,2800_28_2,2800,28,S,N,Y,10.96454588,T60,-0.075242514
SNSY33,280_31_2,280,31,S,N,Y,10.56426815,T60,NA
SNSY37,400_31_2,400,31,S,N,Y,10.41032745,T60,NA
SNSY39,400_28_2,400,28,S,N,Y,9.466261909,T60,NA
SNSY4,280_31_2,280,31,S,N,Y,12.54516341,T60,0.829004746
SNSY40,2800_31_2,2800,31,S,N,Y,9.601171904,T60,-0.395785019
SNSY5,280_28_2,280,28,S,N,Y,9.111943316,T60,NA
SNSY6,280_28_2,280,28,S,N,Y,10.12201374,T60,1.500762707
SNSY7,280_28_2,280,28,S,N,Y,9.139421396,T60,1.369727686
SNSY8,280_28_2,280,28,S,N,Y,12.13337321,T60,NA
SNSZ1,280_31_3,280,31,S,N,Z,11.78022861,T60,NA
SNSZ10,400_31_3,400,31,S,N,Z,8.556919031,T60,0.407943645
SNSZ12,400_31_3,400,31,S,N,Z,8.749063764,T60,0.16509703
SNSZ17,700_31_3,700,31,S,N,Z,10.64733482,T60,NA
SNSZ18,700_31_3,700,31,S,N,Z,10.67923374,T60,1.384133154
SNSZ19,700_31_3,700,31,S,N,Z,12.20996494,T60,NA
SNSZ2,280_31_3,280,31,S,N,Z,11.70842558,T60,0.985401489
SNSZ20,700_31_3,700,31,S,N,Z,9.460195162,T60,1.498383464
SNSZ21,700_28_3,700,28,S,N,Z,12.21045083,T60,NA
SNSZ22,700_28_3,700,28,S,N,Z,10.43545048,T60,0.761293866
SNSZ23,700_28_3,700,28,S,N,Z,8.175738208,T60,NA
SNSZ24,700_28_3,700,28,S,N,Z,12.2367271,T60,0.713017454
SNSZ25,2800_31_3,2800,31,S,N,Z,10.73332214,T60,NA
SNSZ26,2800_31_3,2800,31,S,N,Z,10.49814494,T60,NA
SNSZ27,400_28_3,400,28,S,N,Z,11.85687954,T60,NA
SNSZ29,2800_28_3,2800,28,S,N,Z,10.46975626,T60,NA
SNSZ3,280_31_3,280,31,S,N,Z,11.42837091,T60,NA
SNSZ32,2800_28_3,2800,28,S,N,Z,9.714428164,T60,0.020587933
SNSZ34,400_31_3,400,31,S,N,Z,10.44177331,T60,NA
SNSZ4,280_31_3,280,31,S,N,Z,11.42826148,T60,1.438164004
SNSZ41,2800_31_3,2800,31,S,N,Z,8.738457538,T60,-0.280369847
SNSZ42,2800_31_3,2800,31,S,N,Z,8.058395622,T60,-1.409958078
SNSZ47,400_28_3,400,28,S,N,Z,9.951308036,T60,0.309004604
SNSZ48,2800_28_3,2800,28,S,N,Z,7.567535755,T60,NA
SNSZ5,280_28_3,280,28,S,N,Z,13.01024274,T60,NA
SNSZ50,400_28_3,400,28,S,N,Z,8.243693459,T60,0.776800318
SNSZ52,2800_28_3,2800,28,S,N,Z,6.654735978,T60,0.625118715
SNSZ6,280_28_3,280,28,S,N,Z,11.03913725,T60,1.120927641
SNSZ7,280_28_3,280,28,S,N,Z,11.89111781,T60,NA
SNSZ8,280_28_3,280,28,S,N,Z,12.15458747,T60,1.117090795
SNSZ9,400_31_3,400,31,S,N,Z,10.83481761,T60,NA
SFPX1,280_31_1,280,31,P,F,X,12.40013897,T60,NA
SFPX10,400_31_1,400,31,P,F,X,8.068759223,T60,-0.117217833
SFPX11,400_31_1,400,31,P,F,X,9.548318444,T60,NA
SFPX12,400_31_1,400,31,P,F,X,10.57862473,T60,-0.110331969
SFPX17,700_31_1,700,31,P,F,X,9.994337683,T60,NA
SFPX18,700_31_1,700,31,P,F,X,11.28594569,T60,0.294204
SFPX19,700_31_1,700,31,P,F,X,12.50584599,T60,0.312479501
SFPX2,400_28_1,400,28,P,F,X,13.02590689,T60,0.19732865
SFPX20,700_31_1,700,31,P,F,X,10.82516588,T60,NA
SFPX21,700_28_1,700,28,P,F,X,13.57705957,T60,NA
SFPX22,700_28_1,700,28,P,F,X,10.92101195,T60,NA
SFPX24,700_28_1,700,28,P,F,X,14.80244858,T60,1.082136615
SFPX25,2800_31_1,2800,31,P,F,X,10.27355817,T60,NA
SFPX26,2800_31_1,2800,31,P,F,X,12.97746062,T60,NA
SFPX27,2800_31_1,2800,31,P,F,X,10.97178607,T60,0.337476143
SFPX28,2800_31_1,2800,31,P,F,X,14.58624518,T60,0.401150672
SFPX3,400_28_1,400,28,P,F,X,13.03102447,T60,NA
SFPX30,2800_28_1,2800,28,P,F,X,14.00692239,T60,NA
SFPX32,2800_28_1,2800,28,P,F,X,13.39946969,T60,NA
SFPX33,700_28_1,700,28,P,F,X,10.48439663,T60,0.675692748
SFPX37,280_28_1,280,28,P,F,X,13.72456363,T60,NA
SFPX4,400_28_1,400,28,P,F,X,13.43504994,T60,0.317540527
SFPX6,280_28_1,280,28,P,F,X,15.22822569,T60,NA
SFPX7,280_28_1,280,28,P,F,X,15.65321425,T60,1.358857899
SFPX9,400_31_1,400,31,P,F,X,13.09683164,T60,NA
SFSZ1,280_31_3,280,31,P,F,Z,10.07680878,T60,NA
SFSZ10,400_31_3,400,31,P,F,Z,12.87095844,T60,0.276735557
SFSZ11,400_31_3,400,31,P,F,Z,10.23726761,T60,NA
SFSZ12,400_31_3,400,31,P,F,Z,12.94810252,T60,-0.147645448
SFSZ17,700_31_3,700,31,P,F,Z,11.00500208,T60,NA
SFSZ18,700_31_3,700,31,P,F,Z,9.60228373,T60,0.539722034
SFSZ19,700_31_3,700,31,P,F,Z,10.66146804,T60,0.690822798
SFSZ2,280_31_3,280,31,P,F,Z,10.46528651,T60,0.767639894
SFSZ20,700_31_3,700,31,P,F,Z,12.21236255,T60,NA
SFSZ21,700_28_3,700,28,P,F,Z,11.56374845,T60,NA
SFSZ22,700_28_3,700,28,P,F,Z,12.56615398,T60,NA
SFSZ23,700_28_3,700,28,P,F,Z,12.92202173,T60,1.351975471
SFSZ24,700_28_3,700,28,P,F,Z,11.4001967,T60,1.159726578
SFSZ25,2800_31_3,2800,31,P,F,Z,11.39915836,T60,NA
SFSZ26,2800_31_3,2800,31,P,F,Z,9.600764957,T60,-0.067911255
SFSZ27,2800_31_3,2800,31,P,F,Z,9.6890376,T60,0.420578407
SFSZ28,2800_31_3,2800,31,P,F,Z,9.833257295,T60,NA
SFSZ29,2800_28_3,2800,28,P,F,Z,10.30552015,T60,NA
SFSZ3,280_31_3,280,31,P,F,Z,10.22583166,T60,0.609136624
SFSZ30,2800_28_3,2800,28,P,F,Z,11.22522947,T60,0.844146069
SFSZ31,2800_28_3,2800,28,P,F,Z,15.04720886,T60,0.694395754
SFSZ35,400_31_2,400,31,P,F,Z,9.283436045,T60,NA
SFSZ36,280_31_2,280,31,P,F,Z,9.901283355,T60,NA
SFSZ38,280_28_2,280,28,P,F,Z,15.06133794,T60,NA
SFSZ4,280_31_3,280,31,P,F,Z,12.03123452,T60,NA
SFSZ40,400_28_3,400,28,P,F,Z,7.866291586,T60,NA
SFSZ41,400_28_3,400,28,P,F,Z,3.913694091,T60,-0.051418063
SFSZ42,2800_28_3,2800,28,P,F,Z,10.57812779,T60,NA
SFSZ44,400_28_3,400,28,P,F,Z,6.903062936,T60,-0.38143603
SFSZ5,280_28_3,280,28,P,F,Z,10.47280755,T60,NA
SFSZ6,280_28_3,280,28,P,F,Z,12.37782516,T60,NA
SFSZ7,280_28_3,280,28,P,F,Z,10.90717035,T60,1.459375238
SFSZ8,280_28_3,280,28,P,F,Z,13.15212131,T60,1.970709647
SFSZ9,400_31_3,400,31,P,F,Z,10.42930981,T60,NA
SNPX1,280_31_1,280,31,P,N,X,13.08025711,T60,NA
SNPX10,400_31_1,400,31,P,N,X,16.40948851,T60,0.622975911
SNPX11,400_31_1,400,31,P,N,X,14.80488021,T60,NA
SNPX12,400_31_1,400,31,P,N,X,12.26878428,T60,0.53471043
SNPX17,700_31_1,700,31,P,N,X,11.40505437,T60,NA
SNPX18,700_31_1,700,31,P,N,X,12.56212829,T60,1.194412175
SNPX19,700_31_1,700,31,P,N,X,12.41147183,T60,1.284116662
SNPX20,700_31_1,700,31,P,N,X,12.76901002,T60,NA
SNPX21,700_28_1,700,28,P,N,X,12.58013856,T60,NA
SNPX22,700_28_1,700,28,P,N,X,12.6447569,T60,NA
SNPX23,700_28_1,700,28,P,N,X,17.57592461,T60,1.028160088
SNPX24,700_28_1,700,28,P,N,X,13.37553633,T60,1.104590262
SNPX25,2800_31_1,2800,31,P,N,X,16.40760434,T60,NA
SNPX26,2800_31_1,2800,31,P,N,X,15.40220449,T60,1.157586417
SNPX27,2800_31_1,2800,31,P,N,X,14.50425981,T60,NA
SNPX28,2800_31_1,2800,31,P,N,X,16.61673469,T60,0.16600503
SNPX29,2800_28_1,2800,28,P,N,X,10.01577725,T60,NA
SNPX3,400_28_1,400,28,P,N,X,14.04665061,T60,1.605962566
SNPX30,2800_28_1,2800,28,P,N,X,13.53786018,T60,0.871718266
SNPX32,2800_28_1,2800,28,P,N,X,15.92628486,T60,NA
SNPX33,400_28_1,400,28,P,N,X,NA,T60,NA
SNPX39,2800_28_1,2800,28,P,N,X,18.3487104,T60,0.712954458
SNPX4,400_28_1,400,28,P,N,X,7.687149005,T60,NA
SNPX5,280_28_1,280,28,P,N,X,11.3159025,T60,NA
SNPX6,280_28_1,280,28,P,N,X,17.4259709,T60,2.114433083
SNPX7,280_28_1,280,28,P,N,X,9.799311521,T60,1.351241313
SNPX8,280_28_1,280,28,P,N,X,12.72582763,T60,NA
SNPX9,400_31_1,400,31,P,N,X,14.97505892,T60,NA
SNPY1,280_31_2,280,31,P,N,Y,10.39757971,T60,NA
SNPY10,400_31_2,400,31,P,N,Y,10.64985278,T60,NA
SNPY11,400_31_2,400,31,P,N,Y,9.027207326,T60,-0.303171294
SNPY12,400_31_2,400,31,P,N,Y,11.780026,T60,1.240203513
SNPY17,700_31_2,700,31,P,N,Y,8.902318474,T60,NA
SNPY18,700_31_2,700,31,P,N,Y,13.13927043,T60,NA
SNPY19,700_31_2,700,31,P,N,Y,10.45816983,T60,0.757314935
SNPY2,280_31_2,280,31,P,N,Y,13.17315985,T60,NA
SNPY20,700_31_2,700,31,P,N,Y,13.75478815,T60,1.048981515
SNPY21,700_28_2,700,28,P,N,Y,8.718148695,T60,NA
SNPY22,700_28_2,700,28,P,N,Y,11.03303227,T60,0.765207959
SNPY23,700_28_2,700,28,P,N,Y,9.760858005,T60,NA
SNPY24,700_28_2,700,28,P,N,Y,13.22241916,T60,1.286021929
SNPY26,2800_31_2,2800,31,P,N,Y,12.51716679,T60,0.814717011
SNPY27,2800_31_2,2800,31,P,N,Y,9.284636684,T60,-0.222374524
SNPY28,2800_31_2,2800,31,P,N,Y,8.920762525,T60,NA
SNPY29,2800_28_2,2800,28,P,N,Y,7.34542328,T60,NA
SNPY3,400_28_2,400,28,P,N,Y,8.734106021,T60,NA
SNPY30,2800_28_2,2800,28,P,N,Y,9.08220684,T60,-0.260832348
SNPY31,2800_28_2,2800,28,P,N,Y,12.03055591,T60,1.073484507
SNPY32,2800_28_2,2800,28,P,N,Y,12.48080368,T60,NA
SNPY33,2800_31_2,2800,31,P,N,Y,8.244180101,T60,NA
SNPY34,400_28_2,400,28,P,N,Y,NA,T60,NA
SNPY35,400_28_2,400,28,P,N,Y,NA,T60,NA
SNPY4,280_31_2,280,31,P,N,Y,12.91308077,T60,2.141377895
SNPY5,280_28_2,280,28,P,N,Y,11.10802762,T60,NA
SNPY6,280_28_2,280,28,P,N,Y,13.88219069,T60,0.614625304
SNPY7,280_28_2,280,28,P,N,Y,11.6450151,T60,NA
SNPY8,280_28_2,280,28,P,N,Y,9.324060272,T60,1.953197198
SNPY9,400_31_2,400,31,P,N,Y,10.186245,T60,NA
SNPZ1,280_31_3,280,31,P,N,Z,11.63327755,T60,NA
SNPZ10,400_31_3,400,31,P,N,Z,11.31066431,T60,1.225839734
SNPZ11,400_31_3,400,31,P,N,Z,10.08037922,T60,NA
SNPZ12,400_31_3,400,31,P,N,Z,12.3887918,T60,1.367683862
SNPZ17,700_31_3,700,31,P,N,Z,11.67689975,T60,NA
SNPZ18,700_31_3,700,31,P,N,Z,12.54109767,T60,NA
SNPZ19,700_31_3,700,31,P,N,Z,11.96398536,T60,2.080637455
SNPZ2,280_31_3,280,31,P,N,Z,13.85732268,T60,1.271495527
SNPZ20,700_31_3,700,31,P,N,Z,10.98901588,T60,0.412661483
SNPZ21,700_28_3,700,28,P,N,Z,11.09815471,T60,NA
SNPZ22,700_28_3,700,28,P,N,Z,13.26142853,T60,-0.389982752
SNPZ23,700_28_3,700,28,P,N,Z,11.56793941,T60,NA
SNPZ24,700_28_3,700,28,P,N,Z,13.06726037,T60,2.16694432
SNPZ25,2800_31_3,2800,31,P,N,Z,12.58377651,T60,NA
SNPZ26,2800_31_3,2800,31,P,N,Z,12.24102267,T60,0.912581705
SNPZ27,2800_31_3,2800,31,P,N,Z,13.96124484,T60,-0.499937052
SNPZ28,2800_31_3,2800,31,P,N,Z,12.35184962,T60,NA
SNPZ29,2800_28_3,2800,28,P,N,Z,11.88036067,T60,NA
SNPZ3,280_31_3,280,31,P,N,Z,11.66846802,T60,NA
SNPZ30,2800_28_3,2800,28,P,N,Z,13.88002915,T60,0.620297227
SNPZ31,2800_28_3,2800,28,P,N,Z,12.26261114,T60,NA
SNPZ32,2800_28_3,2800,28,P,N,Z,7.526001877,T60,-0.48514471
SNPZ38,400_28_3,400,28,P,N,Z,12.53178473,T60,NA
SNPZ39,280_31_2,280,31,P,N,Z,8.038008336,T60,-3.932610645
SNPZ4,280_31_3,280,31,P,N,Z,11.11281294,T60,1.328828613
SNPZ43,400_28_3,400,28,P,N,Z,7.014957498,T60,-3.976941689
SNPZ46,400_28_3,400,28,P,N,Z,8.95149212,T60,-1.683794046
SNPZ5,280_28_3,280,28,P,N,Z,11.03506207,T60,NA
SNPZ6,280_28_3,280,28,P,N,Z,13.05146428,T60,NA
SNPZ7,280_28_3,280,28,P,N,Z,13.29803709,T60,2.09133251
SNPZ8,280_28_3,280,28,P,N,Z,12.25394487,T60,0.786614915
SNPZ9,400_31_3,400,31,P,N,Z,9.704998581,T60,NA
SFPZ1,280_31_3,280,31,S,F,Z,10.31688122,T0_T60,NA
SFPZ10,400_31_3,400,31,S,F,Z,9.504307204,T0_T60,NA
SFPZ11,400_31_3,400,31,S,F,Z,8.290116213,T0_T60,-0.033602838
SFPZ12,400_31_3,400,31,S,F,Z,8.884985239,T0_T60,1.327279317
SFPZ13,400_28_3,400,28,S,F,Z,13.92064158,T0_T60,NA
SFPZ17,700_31_3,700,31,S,F,Z,12.32800557,T0_T60,NA
SFPZ18,700_31_3,700,31,S,F,Z,11.15325309,T0_T60,NA
SFPZ19,700_31_3,700,31,S,F,Z,9.87456947,T0_T60,0.829612219
SFPZ20,700_31_3,700,31,S,F,Z,9.774347119,T0_T60,1.209479759
SFPZ21,700_28_3,700,28,S,F,Z,9.663482864,T0_T60,NA
SFPZ22,700_28_3,700,28,S,F,Z,NA,T0_T60,NA
SFPZ23,700_28_3,700,28,S,F,Z,11.3218507,T0_T60,NA
SFPZ24,700_28_3,700,28,S,F,Z,9.683910216,T0_T60,0.487963717
SFPZ25,280_31_3,280,31,S,F,Z,11.93075555,T0_T60,NA
SFPZ26,400_28_3,400,28,S,F,Z,NA,T0_T60,NA
SFPZ27,2800_31_3,2800,31,S,F,Z,9.403208735,T0_T60,0.898629419
SFPZ28,2800_31_3,2800,31,S,F,Z,11.99463361,T0_T60,NA
SFPZ3,280_31_3,280,31,S,F,Z,10.44644889,T0_T60,NA
SFPZ31,2800_28_3,2800,28,S,F,Z,8.609650371,T0_T60,NA
SFPZ32,2800_28_3,2800,28,S,F,Z,10.92071846,T0_T60,NA
SFPZ35,400_31_3,400,31,S,F,Z,11.16895083,T0_T60,NA
SFPZ37,2800_31_3,2800,31,S,F,Z,11.76011829,T0_T60,1.049282179
SFPZ39,2800_31_3,2800,31,S,F,Z,11.06321455,T0_T60,NA
SFPZ4,280_31_3,280,31,S,F,Z,NA,T0_T60,NA
SFPZ40,280_31_3,280,31,S,F,Z,NA,T0_T60,NA
SFPZ41,2800_28_3,2800,28,S,F,Z,NA,T0_T60,NA
SFPZ42,280_28_3,280,28,S,F,Z,12.1252899,T0_T60,NA
SFPZ43,2800_28_3,2800,28,S,F,Z,12.15526296,T0_T60,0.308773724
SFPZ46,400_28_3,400,28,S,F,Z,7.538313942,T0_T60,1.304170943
SFPZ48,400_28_3,400,28,S,F,Z,8.647031049,T0_T60,NA
SFPZ49,2800_28_3,2800,28,S,F,Z,8.64254529,T0_T60,NA
SFPZ5,280_28_3,280,28,S,F,Z,8.411733525,T0_T60,NA
SFPZ6,280_28_3,280,28,S,F,Z,NA,T0_T60,NA
SFPZ7,280_28_3,280,28,S,F,Z,10.70171051,T0_T60,1.399820032
SFPZ8,280_28_3,280,28,S,F,Z,10.61037194,T0_T60,NA
SFSX1,280_31_1,280,31,S,F,X,11.02470952,T0_T60,NA
SFSX10,400_31_1,400,31,S,F,X,13.31122949,T0_T60,0.753391821
SFSX11,400_31_1,400,31,S,F,X,11.66394351,T0_T60,NA
SFSX12,400_31_1,400,31,S,F,X,8.967255238,T0_T60,1.201195715
SFSX17,700_31_1,700,31,S,F,X,9.422301038,T0_T60,0.822348242
SFSX18,700_31_1,700,31,S,F,X,10.42743389,T0_T60,NA
SFSX19,700_31_1,700,31,S,F,X,10.3143505,T0_T60,0.759181952
SFSX2,280_31_1,280,31,S,F,X,10.38238125,T0_T60,NA
SFSX20,700_31_1,700,31,S,F,X,10.86728915,T0_T60,NA
SFSX21,700_28_1,700,28,S,F,X,9.990745941,T0_T60,NA
SFSX22,700_28_1,700,28,S,F,X,12.54470451,T0_T60,0.565026879
SFSX23,700_28_1,700,28,S,F,X,9.02878928,T0_T60,0.808167515
SFSX24,700_28_1,700,28,S,F,X,9.108383861,T0_T60,NA
SFSX25,2800_31_1,2800,31,S,F,X,9.990660988,T0_T60,NA
SFSX26,2800_31_1,2800,31,S,F,X,10.95054852,T0_T60,0.676489994
SFSX27,2800_31_1,2800,31,S,F,X,11.78878484,T0_T60,0.574493532
SFSX28,2800_31_1,2800,31,S,F,X,9.403120581,T0_T60,NA
SFSX29,2800_28_1,2800,28,S,F,X,9.614402511,T0_T60,NA
SFSX3,280_31_1,280,31,S,F,X,10.26791626,T0_T60,1.144417324
SFSX30,2800_28_1,2800,28,S,F,X,9.437117689,T0_T60,-0.114424631
SFSX31,2800_28_1,2800,28,S,F,X,10.65095416,T0_T60,0.301262226
SFSX32,2800_28_1,2800,28,S,F,X,11.25583127,T0_T60,NA
SFSX37,400_28_1,400,28,S,F,X,12.80567261,T0_T60,NA
SFSX39,400_28_1,400,28,S,F,X,10.06501398,T0_T60,0.471830402
SFSX4,280_31_1,280,31,S,F,X,11.74422474,T0_T60,1.843725361
SFSX40,400_28_1,400,28,S,F,X,9.308985558,T0_T60,0.70406884
SFSX5,280_28_1,280,28,S,F,X,11.01166721,T0_T60,NA
SFSX6,280_28_1,280,28,S,F,X,13.0493365,T0_T60,NA
SFSX7,280_28_1,280,28,S,F,X,NA,T0_T60,NA
SFSX8,280_28_1,280,28,S,F,X,11.02098015,T0_T60,1.070826945
SFSX9,400_31_1,400,31,S,F,X,13.79665482,T0_T60,NA
SFSY1,280_31_2,280,31,S,F,Y,10.788036,T0_T60,NA
SFSY10,400_31_2,400,31,S,F,Y,11.44645912,T0_T60,1.390809254
SFSY11,400_31_2,400,31,S,F,Y,10.61349035,T0_T60,1.226800467
SFSY12,400_31_2,400,31,S,F,Y,10.21421936,T0_T60,NA
SFSY17,700_31_2,700,31,S,F,Y,9.172896227,T0_T60,NA
SFSY18,700_31_2,700,31,S,F,Y,10.12965156,T0_T60,1.827786834
SFSY19,700_31_2,700,31,S,F,Y,7.727034385,T0_T60,1.367287738
SFSY2,280_31_2,280,31,S,F,Y,11.04069463,T0_T60,NA
SFSY20,700_31_2,700,31,S,F,Y,11.08881017,T0_T60,NA
SFSY21,700_28_2,700,28,S,F,Y,9.249863135,T0_T60,NA
SFSY22,700_28_2,700,28,S,F,Y,10.54056056,T0_T60,1.612281884
SFSY23,700_28_2,700,28,S,F,Y,10.54019584,T0_T60,NA
SFSY24,700_28_2,700,28,S,F,Y,11.40582037,T0_T60,1.141578115
SFSY25,2800_31_2,2800,31,S,F,Y,11.09795986,T0_T60,NA
SFSY26,2800_31_2,2800,31,S,F,Y,NA,T0_T60,NA
SFSY27,2800_31_2,2800,31,S,F,Y,10.8970979,T0_T60,NA
SFSY28,2800_31_2,2800,31,S,F,Y,9.804100241,T0_T60,0.971329917
SFSY29,2800_28_2,2800,28,S,F,Y,11.20523125,T0_T60,NA
SFSY3,280_31_2,280,31,S,F,Y,NA,T0_T60,NA
SFSY30,2800_28_2,2800,28,S,F,Y,9.69539863,T0_T60,NA
SFSY32,2800_28_2,2800,28,S,F,Y,12.93495005,T0_T60,0.831940678
SFSY35,280_31_2,280,31,S,F,Y,6.815652027,T0_T60,NA
SFSY39,400_28_2,400,28,S,F,Y,12.2251075,T0_T60,1.309700098
SFSY4,280_31_2,280,31,S,F,Y,7.241816945,T0_T60,2.452876313
SFSY46,400_28_2,400,28,S,F,Y,7.830324629,T0_T60,0.733260361
SFSY5,280_28_2,280,28,S,F,Y,9.785979148,T0_T60,NA
SFSY54,2800_28_2,2800,28,S,F,Y,5.725161887,T0_T60,0.611618147
SFSY6,280_28_2,280,28,S,F,Y,11.44768815,T0_T60,NA
SFSY61,400_28_2,400,28,S,F,Y,12.56532312,T0_T60,NA
SFSY7,280_28_2,280,28,S,F,Y,NA,T0_T60,NA
SFSY8,280_28_2,280,28,S,F,Y,12.79958159,T0_T60,1.1600721
SFSY9,400_31_2,400,31,S,F,Y,12.22443425,T0_T60,NA
SNSX1,280_31_1,280,31,S,N,X,8.974755724,T0_T60,NA
SNSX10,400_31_1,400,31,S,N,X,11.30734868,T0_T60,0.323009492
SNSX11,400_31_1,400,31,S,N,X,10.74735655,T0_T60,NA
SNSX12,400_31_1,400,31,S,N,X,8.221233968,T0_T60,1.024061309
SNSX17,700_31_1,700,31,S,N,X,9.796245036,T0_T60,NA
SNSX18,700_31_1,700,31,S,N,X,11.49313411,T0_T60,NA
SNSX19,700_31_1,700,31,S,N,X,13.07542816,T0_T60,1.512319024
SNSX2,280_31_1,280,31,S,N,X,6.087734992,T0_T60,2.61758376
SNSX20,700_31_1,700,31,S,N,X,10.36689316,T0_T60,1.463985776
SNSX21,700_28_1,700,28,S,N,X,9.497533826,T0_T60,NA
SNSX22,700_28_1,700,28,S,N,X,11.30657827,T0_T60,1.382465323
SNSX23,700_28_1,700,28,S,N,X,10.53825664,T0_T60,NA
SNSX24,700_28_1,700,28,S,N,X,8.877983162,T0_T60,1.09467975
SNSX25,2800_31_1,2800,31,S,N,X,11.20202769,T0_T60,NA
SNSX26,2800_31_1,2800,31,S,N,X,12.19297825,T0_T60,0.294061369
SNSX27,2800_31_1,2800,31,S,N,X,9.759642072,T0_T60,NA
SNSX28,2800_31_1,2800,31,S,N,X,10.96984002,T0_T60,0.347055458
SNSX29,2800_28_1,2800,28,S,N,X,10.87708244,T0_T60,NA
SNSX3,280_31_1,280,31,S,N,X,10.41164323,T0_T60,NA
SNSX30,2800_28_1,2800,28,S,N,X,9.014287087,T0_T60,-0.305599531
SNSX31,2800_28_1,2800,28,S,N,X,9.183660091,T0_T60,-0.067353145
SNSX32,2800_28_1,2800,28,S,N,X,8.658544355,T0_T60,NA
SNSX37,400_28_1,400,28,S,N,X,10.6928288,T0_T60,0.63447897
SNSX38,400_28_1,400,28,S,N,X,12.6879686,T0_T60,0.6450752
SNSX4,280_31_1,280,31,S,N,X,9.533569619,T0_T60,2.61534711
SNSX40,400_28_1,400,28,S,N,X,9.663371319,T0_T60,NA
SNSX5,280_28_1,280,28,S,N,X,9.796247799,T0_T60,NA
SNSX6,280_28_1,280,28,S,N,X,9.704965771,T0_T60,1.573936515
SNSX7,280_28_1,280,28,S,N,X,10.43450467,T0_T60,NA
SNSX8,280_28_1,280,28,S,N,X,14.28425791,T0_T60,1.575598126
SNSX9,400_31_1,400,31,S,N,X,9.786817778,T0_T60,NA
SNSY1,400_31_2,400,31,S,N,Y,7.942647586,T0_T60,NA
SNSY10,400_31_2,400,31,S,N,Y,NA,T0_T60,NA
SNSY11,400_31_2,400,31,S,N,Y,12.48091936,T0_T60,0.473675423
SNSY12,400_31_2,400,31,S,N,Y,NA,T0_T60,NA
SNSY14,400_28_2,400,28,S,N,Y,10.84090902,T0_T60,0.310803065
SNSY15,400_28_2,400,28,S,N,Y,9.546994076,T0_T60,0.563113544
SNSY17,700_31_2,700,31,S,N,Y,7.863813799,T0_T60,NA
SNSY18,700_31_2,700,31,S,N,Y,11.9885606,T0_T60,NA
SNSY19,700_31_2,700,31,S,N,Y,9.626517285,T0_T60,1.541212413
SNSY2,280_31_2,280,31,S,N,Y,9.241743899,T0_T60,NA
SNSY20,700_31_2,700,31,S,N,Y,12.4652719,T0_T60,1.225404478
SNSY21,700_28_2,700,28,S,N,Y,9.283649778,T0_T60,NA
SNSY22,700_28_2,700,28,S,N,Y,11.56329815,T0_T60,0.927949672
SNSY23,700_28_2,700,28,S,N,Y,8.162592949,T0_T60,1.203464041
SNSY24,700_28_2,700,28,S,N,Y,8.208142791,T0_T60,NA
SNSY25,2800_31_2,2800,31,S,N,Y,7.993453783,T0_T60,NA
SNSY26,2800_31_2,2800,31,S,N,Y,11.99892998,T0_T60,0.812572456
SNSY27,400_31_2,400,31,S,N,Y,9.945446009,T0_T60,NA
SNSY28,2800_31_2,2800,31,S,N,Y,10.30486231,T0_T60,NA
SNSY29,2800_28_2,2800,28,S,N,Y,8.777965091,T0_T60,NA
SNSY3,280_31_2,280,31,S,N,Y,3.411558218,T0_T60,1.482552012
SNSY30,2800_28_2,2800,28,S,N,Y,9.875591052,T0_T60,NA
SNSY31,2800_28_2,2800,28,S,N,Y,7.565367773,T0_T60,0.040187373
SNSY32,2800_28_2,2800,28,S,N,Y,10.96454588,T0_T60,0.571177182
SNSY33,280_31_2,280,31,S,N,Y,10.56426815,T0_T60,NA
SNSY37,400_31_2,400,31,S,N,Y,10.41032745,T0_T60,NA
SNSY39,400_28_2,400,28,S,N,Y,9.466261909,T0_T60,NA
SNSY4,280_31_2,280,31,S,N,Y,12.54516341,T0_T60,1.425661481
SNSY40,2800_31_2,2800,31,S,N,Y,9.601171904,T0_T60,0.343873366
SNSY5,280_28_2,280,28,S,N,Y,9.111943316,T0_T60,NA
SNSY6,280_28_2,280,28,S,N,Y,10.12201374,T0_T60,1.307407211
SNSY7,280_28_2,280,28,S,N,Y,9.139421396,T0_T60,0.713427275
SNSY8,280_28_2,280,28,S,N,Y,12.13337321,T0_T60,NA
SNSZ1,280_31_3,280,31,S,N,Z,11.78022861,T0_T60,NA
SNSZ10,400_31_3,400,31,S,N,Z,8.556919031,T0_T60,0.472651947
SNSZ12,400_31_3,400,31,S,N,Z,8.749063764,T0_T60,0.825485151
SNSZ17,700_31_3,700,31,S,N,Z,10.64733482,T0_T60,NA
SNSZ18,700_31_3,700,31,S,N,Z,10.67923374,T0_T60,1.601531104
SNSZ19,700_31_3,700,31,S,N,Z,12.20996494,T0_T60,NA
SNSZ2,280_31_3,280,31,S,N,Z,11.70842558,T0_T60,1.158020236
SNSZ20,700_31_3,700,31,S,N,Z,9.460195162,T0_T60,0.864860174
SNSZ21,700_28_3,700,28,S,N,Z,12.21045083,T0_T60,NA
SNSZ22,700_28_3,700,28,S,N,Z,10.43545048,T0_T60,1.003523733
SNSZ23,700_28_3,700,28,S,N,Z,8.175738208,T0_T60,NA
SNSZ24,700_28_3,700,28,S,N,Z,12.2367271,T0_T60,0.836192389
SNSZ25,2800_31_3,2800,31,S,N,Z,10.73332214,T0_T60,NA
SNSZ26,2800_31_3,2800,31,S,N,Z,10.49814494,T0_T60,NA
SNSZ27,400_28_3,400,28,S,N,Z,11.85687954,T0_T60,NA
SNSZ29,2800_28_3,2800,28,S,N,Z,10.46975626,T0_T60,NA
SNSZ3,280_31_3,280,31,S,N,Z,11.42837091,T0_T60,NA
SNSZ32,2800_28_3,2800,28,S,N,Z,9.714428164,T0_T60,0.429524062
SNSZ34,400_31_3,400,31,S,N,Z,10.44177331,T0_T60,NA
SNSZ4,280_31_3,280,31,S,N,Z,11.42826148,T0_T60,1.622758854
SNSZ41,2800_31_3,2800,31,S,N,Z,8.738457538,T0_T60,0.30816161
SNSZ42,2800_31_3,2800,31,S,N,Z,8.058395622,T0_T60,-0.252391551
SNSZ47,400_28_3,400,28,S,N,Z,9.951308036,T0_T60,0.296652794
SNSZ48,2800_28_3,2800,28,S,N,Z,7.567535755,T0_T60,NA
SNSZ5,280_28_3,280,28,S,N,Z,13.01024274,T0_T60,NA
SNSZ50,400_28_3,400,28,S,N,Z,8.243693459,T0_T60,0.606648031
SNSZ52,2800_28_3,2800,28,S,N,Z,6.654735978,T0_T60,0.179337336
SNSZ6,280_28_3,280,28,S,N,Z,11.03913725,T0_T60,1.014784353
SNSZ7,280_28_3,280,28,S,N,Z,11.89111781,T0_T60,NA
SNSZ8,280_28_3,280,28,S,N,Z,12.15458747,T0_T60,0.955914796
SNSZ9,400_31_3,400,31,S,N,Z,10.83481761,T0_T60,NA
SFPX1,280_31_1,280,31,P,F,X,12.40013897,T0_T60,NA
SFPX10,400_31_1,400,31,P,F,X,8.068759223,T0_T60,-0.140020086
SFPX11,400_31_1,400,31,P,F,X,9.548318444,T0_T60,NA
SFPX12,400_31_1,400,31,P,F,X,10.57862473,T0_T60,0.690525943
SFPX17,700_31_1,700,31,P,F,X,9.994337683,T0_T60,NA
SFPX18,700_31_1,700,31,P,F,X,11.28594569,T0_T60,0.798864158
SFPX19,700_31_1,700,31,P,F,X,12.50584599,T0_T60,0.829618354
SFPX2,400_28_1,400,28,P,F,X,13.02590689,T0_T60,0.535300754
SFPX20,700_31_1,700,31,P,F,X,10.82516588,T0_T60,NA
SFPX21,700_28_1,700,28,P,F,X,13.57705957,T0_T60,NA
SFPX22,700_28_1,700,28,P,F,X,10.92101195,T0_T60,NA
SFPX24,700_28_1,700,28,P,F,X,14.80244858,T0_T60,1.35228235
SFPX25,2800_31_1,2800,31,P,F,X,10.27355817,T0_T60,NA
SFPX26,2800_31_1,2800,31,P,F,X,12.97746062,T0_T60,NA
SFPX27,2800_31_1,2800,31,P,F,X,10.97178607,T0_T60,0.64534452
SFPX28,2800_31_1,2800,31,P,F,X,14.58624518,T0_T60,1.089253477
SFPX3,400_28_1,400,28,P,F,X,13.03102447,T0_T60,NA
SFPX30,2800_28_1,2800,28,P,F,X,14.00692239,T0_T60,NA
SFPX32,2800_28_1,2800,28,P,F,X,13.39946969,T0_T60,NA
SFPX33,700_28_1,700,28,P,F,X,10.48439663,T0_T60,1.592304777
SFPX37,280_28_1,280,28,P,F,X,13.72456363,T0_T60,NA
SFPX4,400_28_1,400,28,P,F,X,13.43504994,T0_T60,0.581862142
SFPX6,280_28_1,280,28,P,F,X,15.22822569,T0_T60,NA
SFPX7,280_28_1,280,28,P,F,X,15.65321425,T0_T60,1.322801402
SFPX9,400_31_1,400,31,P,F,X,13.09683164,T0_T60,NA
SFSZ1,280_31_3,280,31,P,F,Z,10.07680878,T0_T60,NA
SFSZ10,400_31_3,400,31,P,F,Z,12.87095844,T0_T60,0.6767625
SFSZ11,400_31_3,400,31,P,F,Z,10.23726761,T0_T60,NA
SFSZ12,400_31_3,400,31,P,F,Z,12.94810252,T0_T60,0.566825306
SFSZ17,700_31_3,700,31,P,F,Z,11.00500208,T0_T60,NA
SFSZ18,700_31_3,700,31,P,F,Z,9.60228373,T0_T60,0.6718199
SFSZ19,700_31_3,700,31,P,F,Z,10.66146804,T0_T60,0.680824979
SFSZ2,280_31_3,280,31,P,F,Z,10.46528651,T0_T60,1.070802026
SFSZ20,700_31_3,700,31,P,F,Z,12.21236255,T0_T60,NA
SFSZ21,700_28_3,700,28,P,F,Z,11.56374845,T0_T60,NA
SFSZ22,700_28_3,700,28,P,F,Z,12.56615398,T0_T60,NA
SFSZ23,700_28_3,700,28,P,F,Z,12.92202173,T0_T60,1.510982309
SFSZ24,700_28_3,700,28,P,F,Z,11.4001967,T0_T60,1.176369752
SFSZ25,2800_31_3,2800,31,P,F,Z,11.39915836,T0_T60,NA
SFSZ26,2800_31_3,2800,31,P,F,Z,9.600764957,T0_T60,0.501119343
SFSZ27,2800_31_3,2800,31,P,F,Z,9.6890376,T0_T60,0.740574042
SFSZ28,2800_31_3,2800,31,P,F,Z,9.833257295,T0_T60,NA
SFSZ29,2800_28_3,2800,28,P,F,Z,10.30552015,T0_T60,NA
SFSZ3,280_31_3,280,31,P,F,Z,10.22583166,T0_T60,0.930664931
SFSZ30,2800_28_3,2800,28,P,F,Z,11.22522947,T0_T60,0.950600646
SFSZ31,2800_28_3,2800,28,P,F,Z,15.04720886,T0_T60,0.834574097
SFSZ35,400_31_2,400,31,P,F,Z,9.283436045,T0_T60,NA
SFSZ36,280_31_2,280,31,P,F,Z,9.901283355,T0_T60,NA
SFSZ38,280_28_2,280,28,P,F,Z,15.06133794,T0_T60,NA
SFSZ4,280_31_3,280,31,P,F,Z,12.03123452,T0_T60,NA
SFSZ40,400_28_3,400,28,P,F,Z,7.866291586,T0_T60,NA
SFSZ41,400_28_3,400,28,P,F,Z,3.913694091,T0_T60,-0.016999441
SFSZ42,2800_28_3,2800,28,P,F,Z,10.57812779,T0_T60,NA
SFSZ44,400_28_3,400,28,P,F,Z,6.903062936,T0_T60,-0.206611183
SFSZ5,280_28_3,280,28,P,F,Z,10.47280755,T0_T60,NA
SFSZ6,280_28_3,280,28,P,F,Z,12.37782516,T0_T60,NA
SFSZ7,280_28_3,280,28,P,F,Z,10.90717035,T0_T60,1.445393786
SFSZ8,280_28_3,280,28,P,F,Z,13.15212131,T0_T60,1.88806282
SFSZ9,400_31_3,400,31,P,F,Z,10.42930981,T0_T60,NA
SNPX1,280_31_1,280,31,P,N,X,13.08025711,T0_T60,NA
SNPX10,400_31_1,400,31,P,N,X,16.40948851,T0_T60,0.973356063
SNPX11,400_31_1,400,31,P,N,X,14.80488021,T0_T60,NA
SNPX12,400_31_1,400,31,P,N,X,12.26878428,T0_T60,0.680455341
SNPX17,700_31_1,700,31,P,N,X,11.40505437,T0_T60,NA
SNPX18,700_31_1,700,31,P,N,X,12.56212829,T0_T60,1.134842076
SNPX19,700_31_1,700,31,P,N,X,12.41147183,T0_T60,1.175130908
SNPX20,700_31_1,700,31,P,N,X,12.76901002,T0_T60,NA
SNPX21,700_28_1,700,28,P,N,X,12.58013856,T0_T60,NA
SNPX22,700_28_1,700,28,P,N,X,12.6447569,T0_T60,NA
SNPX23,700_28_1,700,28,P,N,X,17.57592461,T0_T60,1.232614449
SNPX24,700_28_1,700,28,P,N,X,13.37553633,T0_T60,1.117744346
SNPX25,2800_31_1,2800,31,P,N,X,16.40760434,T0_T60,NA
SNPX26,2800_31_1,2800,31,P,N,X,15.40220449,T0_T60,1.21843343
SNPX27,2800_31_1,2800,31,P,N,X,14.50425981,T0_T60,NA
SNPX28,2800_31_1,2800,31,P,N,X,16.61673469,T0_T60,0.965117219
SNPX29,2800_28_1,2800,28,P,N,X,10.01577725,T0_T60,NA
SNPX3,400_28_1,400,28,P,N,X,14.04665061,T0_T60,1.35855855
SNPX30,2800_28_1,2800,28,P,N,X,13.53786018,T0_T60,1.120525395
SNPX32,2800_28_1,2800,28,P,N,X,15.92628486,T0_T60,NA
SNPX33,400_28_1,400,28,P,N,X,NA,T0_T60,NA
SNPX39,2800_28_1,2800,28,P,N,X,18.3487104,T0_T60,0.793870938
SNPX4,400_28_1,400,28,P,N,X,7.687149005,T0_T60,NA
SNPX5,280_28_1,280,28,P,N,X,11.3159025,T0_T60,NA
SNPX6,280_28_1,280,28,P,N,X,17.4259709,T0_T60,2.061258296
SNPX7,280_28_1,280,28,P,N,X,9.799311521,T0_T60,1.497043947
SNPX8,280_28_1,280,28,P,N,X,12.72582763,T0_T60,NA
SNPX9,400_31_1,400,31,P,N,X,14.97505892,T0_T60,NA
SNPY1,280_31_2,280,31,P,N,Y,10.39757971,T0_T60,NA
SNPY10,400_31_2,400,31,P,N,Y,10.64985278,T0_T60,NA
SNPY11,400_31_2,400,31,P,N,Y,9.027207326,T0_T60,0.248396648
SNPY12,400_31_2,400,31,P,N,Y,11.780026,T0_T60,0.882931191
SNPY17,700_31_2,700,31,P,N,Y,8.902318474,T0_T60,NA
SNPY18,700_31_2,700,31,P,N,Y,13.13927043,T0_T60,NA
SNPY19,700_31_2,700,31,P,N,Y,10.45816983,T0_T60,0.887324313
SNPY2,280_31_2,280,31,P,N,Y,13.17315985,T0_T60,NA
SNPY20,700_31_2,700,31,P,N,Y,13.75478815,T0_T60,1.27453723
SNPY21,700_28_2,700,28,P,N,Y,8.718148695,T0_T60,NA
SNPY22,700_28_2,700,28,P,N,Y,11.03303227,T0_T60,0.705330619
SNPY23,700_28_2,700,28,P,N,Y,9.760858005,T0_T60,NA
SNPY24,700_28_2,700,28,P,N,Y,13.22241916,T0_T60,1.494307475
SNPY26,2800_31_2,2800,31,P,N,Y,12.51716679,T0_T60,1.148564426
SNPY27,2800_31_2,2800,31,P,N,Y,9.284636684,T0_T60,0.542722205
SNPY28,2800_31_2,2800,31,P,N,Y,8.920762525,T0_T60,NA
SNPY29,2800_28_2,2800,28,P,N,Y,7.34542328,T0_T60,NA
SNPY3,400_28_2,400,28,P,N,Y,8.734106021,T0_T60,NA
SNPY30,2800_28_2,2800,28,P,N,Y,9.08220684,T0_T60,0.578941287
SNPY31,2800_28_2,2800,28,P,N,Y,12.03055591,T0_T60,1.370654488
SNPY32,2800_28_2,2800,28,P,N,Y,12.48080368,T0_T60,NA
SNPY33,2800_31_2,2800,31,P,N,Y,8.244180101,T0_T60,NA
SNPY34,400_28_2,400,28,P,N,Y,NA,T0_T60,NA
SNPY35,400_28_2,400,28,P,N,Y,NA,T0_T60,NA
SNPY4,280_31_2,280,31,P,N,Y,12.91308077,T0_T60,2.047269972
SNPY5,280_28_2,280,28,P,N,Y,11.10802762,T0_T60,NA
SNPY6,280_28_2,280,28,P,N,Y,13.88219069,T0_T60,1.497061989
SNPY7,280_28_2,280,28,P,N,Y,11.6450151,T0_T60,NA
SNPY8,280_28_2,280,28,P,N,Y,9.324060272,T0_T60,2.095977532
SNPY9,400_31_2,400,31,P,N,Y,10.186245,T0_T60,NA
SNPZ1,280_31_3,280,31,P,N,Z,11.63327755,T0_T60,NA
SNPZ10,400_31_3,400,31,P,N,Z,11.31066431,T0_T60,2.025189923
SNPZ11,400_31_3,400,31,P,N,Z,10.08037922,T0_T60,NA
SNPZ12,400_31_3,400,31,P,N,Z,12.3887918,T0_T60,2.595907595
SNPZ17,700_31_3,700,31,P,N,Z,11.67689975,T0_T60,NA
SNPZ18,700_31_3,700,31,P,N,Z,12.54109767,T0_T60,NA
SNPZ19,700_31_3,700,31,P,N,Z,11.96398536,T0_T60,1.559689652
SNPZ2,280_31_3,280,31,P,N,Z,13.85732268,T0_T60,1.907155771
SNPZ20,700_31_3,700,31,P,N,Z,10.98901588,T0_T60,0.503066072
SNPZ21,700_28_3,700,28,P,N,Z,11.09815471,T0_T60,NA
SNPZ22,700_28_3,700,28,P,N,Z,13.26142853,T0_T60,1.02557443
SNPZ23,700_28_3,700,28,P,N,Z,11.56793941,T0_T60,NA
SNPZ24,700_28_3,700,28,P,N,Z,13.06726037,T0_T60,2.464605759
SNPZ25,2800_31_3,2800,31,P,N,Z,12.58377651,T0_T60,NA
SNPZ26,2800_31_3,2800,31,P,N,Z,12.24102267,T0_T60,1.789053031
SNPZ27,2800_31_3,2800,31,P,N,Z,13.96124484,T0_T60,1.599313883
SNPZ28,2800_31_3,2800,31,P,N,Z,12.35184962,T0_T60,NA
SNPZ29,2800_28_3,2800,28,P,N,Z,11.88036067,T0_T60,NA
SNPZ3,280_31_3,280,31,P,N,Z,11.66846802,T0_T60,NA
SNPZ30,2800_28_3,2800,28,P,N,Z,13.88002915,T0_T60,1.182556935
SNPZ31,2800_28_3,2800,28,P,N,Z,12.26261114,T0_T60,NA
SNPZ32,2800_28_3,2800,28,P,N,Z,7.526001877,T0_T60,1.11723411
SNPZ38,400_28_3,400,28,P,N,Z,12.53178473,T0_T60,NA
SNPZ39,280_31_2,280,31,P,N,Z,8.038008336,T0_T60,NA
SNPZ4,280_31_3,280,31,P,N,Z,11.11281294,T0_T60,2.217733759
SNPZ43,400_28_3,400,28,P,N,Z,7.014957498,T0_T60,-3.193345157
SNPZ46,400_28_3,400,28,P,N,Z,8.95149212,T0_T60,-1.261021856
SNPZ5,280_28_3,280,28,P,N,Z,11.03506207,T0_T60,NA
SNPZ6,280_28_3,280,28,P,N,Z,13.05146428,T0_T60,NA
SNPZ7,280_28_3,280,28,P,N,Z,13.29803709,T0_T60,2.251667687
SNPZ8,280_28_3,280,28,P,N,Z,12.25394487,T0_T60,1.303857329
SNPZ9,400_31_3,400,31,P,N,Z,9.704998581,T0_T60,NA
SFPZ1,280_31_3,280,31,S,F,Z,10.31688122,T90,NA
SFPZ10,400_31_3,400,31,S,F,Z,9.504307204,T90,NA
SFPZ11,400_31_3,400,31,S,F,Z,8.290116213,T90,0.885236044
SFPZ12,400_31_3,400,31,S,F,Z,8.884985239,T90,NA
SFPZ13,400_28_3,400,28,S,F,Z,13.92064158,T90,1.872399332
SFPZ17,700_31_3,700,31,S,F,Z,12.32800557,T90,NA
SFPZ18,700_31_3,700,31,S,F,Z,11.15325309,T90,NA
SFPZ19,700_31_3,700,31,S,F,Z,9.87456947,T90,NA
SFPZ20,700_31_3,700,31,S,F,Z,9.774347119,T90,-0.341369774
SFPZ21,700_28_3,700,28,S,F,Z,9.663482864,T90,NA
SFPZ22,700_28_3,700,28,S,F,Z,NA,T90,NA
SFPZ23,700_28_3,700,28,S,F,Z,11.3218507,T90,NA
SFPZ24,700_28_3,700,28,S,F,Z,9.683910216,T90,1.188053146
SFPZ25,280_31_3,280,31,S,F,Z,11.93075555,T90,1.181008405
SFPZ26,400_28_3,400,28,S,F,Z,NA,T90,NA
SFPZ27,2800_31_3,2800,31,S,F,Z,9.403208735,T90,NA
SFPZ28,2800_31_3,2800,31,S,F,Z,11.99463361,T90,NA
SFPZ3,280_31_3,280,31,S,F,Z,10.44644889,T90,NA
SFPZ31,2800_28_3,2800,28,S,F,Z,8.609650371,T90,NA
SFPZ32,2800_28_3,2800,28,S,F,Z,10.92071846,T90,NA
SFPZ35,400_31_3,400,31,S,F,Z,11.16895083,T90,NA
SFPZ37,2800_31_3,2800,31,S,F,Z,11.76011829,T90,0.716687802
SFPZ39,2800_31_3,2800,31,S,F,Z,11.06321455,T90,NA
SFPZ4,280_31_3,280,31,S,F,Z,NA,T90,NA
SFPZ40,280_31_3,280,31,S,F,Z,NA,T90,NA
SFPZ41,2800_28_3,2800,28,S,F,Z,NA,T90,NA
SFPZ42,280_28_3,280,28,S,F,Z,12.1252899,T90,NA
SFPZ43,2800_28_3,2800,28,S,F,Z,12.15526296,T90,-0.074864691
SFPZ46,400_28_3,400,28,S,F,Z,7.538313942,T90,NA
SFPZ48,400_28_3,400,28,S,F,Z,8.647031049,T90,NA
SFPZ49,2800_28_3,2800,28,S,F,Z,8.64254529,T90,NA
SFPZ5,280_28_3,280,28,S,F,Z,8.411733525,T90,NA
SFPZ6,280_28_3,280,28,S,F,Z,NA,T90,NA
SFPZ7,280_28_3,280,28,S,F,Z,10.70171051,T90,1.396972941
SFPZ8,280_28_3,280,28,S,F,Z,10.61037194,T90,NA
SFSX1,280_31_1,280,31,S,F,X,11.02470952,T90,NA
SFSX10,400_31_1,400,31,S,F,X,13.31122949,T90,1.466503733
SFSX11,400_31_1,400,31,S,F,X,11.66394351,T90,NA
SFSX12,400_31_1,400,31,S,F,X,8.967255238,T90,NA
SFSX17,700_31_1,700,31,S,F,X,9.422301038,T90,NA
SFSX18,700_31_1,700,31,S,F,X,10.42743389,T90,NA
SFSX19,700_31_1,700,31,S,F,X,10.3143505,T90,1.36331092
SFSX2,280_31_1,280,31,S,F,X,10.38238125,T90,NA
SFSX20,700_31_1,700,31,S,F,X,10.86728915,T90,NA
SFSX21,700_28_1,700,28,S,F,X,9.990745941,T90,NA
SFSX22,700_28_1,700,28,S,F,X,12.54470451,T90,1.253915546
SFSX23,700_28_1,700,28,S,F,X,9.02878928,T90,NA
SFSX24,700_28_1,700,28,S,F,X,9.108383861,T90,NA
SFSX25,2800_31_1,2800,31,S,F,X,9.990660988,T90,NA
SFSX26,2800_31_1,2800,31,S,F,X,10.95054852,T90,0.381868238
SFSX27,2800_31_1,2800,31,S,F,X,11.78878484,T90,NA
SFSX28,2800_31_1,2800,31,S,F,X,9.403120581,T90,NA
SFSX29,2800_28_1,2800,28,S,F,X,9.614402511,T90,NA
SFSX3,280_31_1,280,31,S,F,X,10.26791626,T90,0.882171639
SFSX30,2800_28_1,2800,28,S,F,X,9.437117689,T90,NA
SFSX31,2800_28_1,2800,28,S,F,X,10.65095416,T90,0.893034232
SFSX32,2800_28_1,2800,28,S,F,X,11.25583127,T90,NA
SFSX37,400_28_1,400,28,S,F,X,12.80567261,T90,NA
SFSX39,400_28_1,400,28,S,F,X,10.06501398,T90,1.659709568
SFSX4,280_31_1,280,31,S,F,X,11.74422474,T90,NA
SFSX40,400_28_1,400,28,S,F,X,9.308985558,T90,NA
SFSX5,280_28_1,280,28,S,F,X,11.01166721,T90,NA
SFSX6,280_28_1,280,28,S,F,X,13.0493365,T90,NA
SFSX7,280_28_1,280,28,S,F,X,NA,T90,NA
SFSX8,280_28_1,280,28,S,F,X,11.02098015,T90,1.474460509
SFSX9,400_31_1,400,31,S,F,X,13.79665482,T90,NA
SFSY1,280_31_2,280,31,S,F,Y,10.788036,T90,NA
SFSY10,400_31_2,400,31,S,F,Y,11.44645912,T90,2.189013332
SFSY11,400_31_2,400,31,S,F,Y,10.61349035,T90,NA
SFSY12,400_31_2,400,31,S,F,Y,10.21421936,T90,NA
SFSY17,700_31_2,700,31,S,F,Y,9.172896227,T90,NA
SFSY18,700_31_2,700,31,S,F,Y,10.12965156,T90,1.003160534
SFSY19,700_31_2,700,31,S,F,Y,7.727034385,T90,NA
SFSY2,280_31_2,280,31,S,F,Y,11.04069463,T90,NA
SFSY20,700_31_2,700,31,S,F,Y,11.08881017,T90,NA
SFSY21,700_28_2,700,28,S,F,Y,9.249863135,T90,NA
SFSY22,700_28_2,700,28,S,F,Y,10.54056056,T90,NA
SFSY23,700_28_2,700,28,S,F,Y,10.54019584,T90,NA
SFSY24,700_28_2,700,28,S,F,Y,11.40582037,T90,0.96310477
SFSY25,2800_31_2,2800,31,S,F,Y,11.09795986,T90,NA
SFSY26,2800_31_2,2800,31,S,F,Y,NA,T90,NA
SFSY27,2800_31_2,2800,31,S,F,Y,10.8970979,T90,NA
SFSY28,2800_31_2,2800,31,S,F,Y,9.804100241,T90,0.448621824
SFSY29,2800_28_2,2800,28,S,F,Y,11.20523125,T90,NA
SFSY3,280_31_2,280,31,S,F,Y,NA,T90,NA
SFSY30,2800_28_2,2800,28,S,F,Y,9.69539863,T90,NA
SFSY32,2800_28_2,2800,28,S,F,Y,12.93495005,T90,0.370185684
SFSY35,280_31_2,280,31,S,F,Y,6.815652027,T90,NA
SFSY39,400_28_2,400,28,S,F,Y,12.2251075,T90,2.233109198
SFSY4,280_31_2,280,31,S,F,Y,7.241816945,T90,1.881990716
SFSY46,400_28_2,400,28,S,F,Y,7.830324629,T90,NA
SFSY5,280_28_2,280,28,S,F,Y,9.785979148,T90,NA
SFSY54,2800_28_2,2800,28,S,F,Y,5.725161887,T90,NA
SFSY6,280_28_2,280,28,S,F,Y,11.44768815,T90,NA
SFSY61,400_28_2,400,28,S,F,Y,12.56532312,T90,NA
SFSY7,280_28_2,280,28,S,F,Y,NA,T90,NA
SFSY8,280_28_2,280,28,S,F,Y,12.79958159,T90,1.552974151
SFSY9,400_31_2,400,31,S,F,Y,12.22443425,T90,NA
SNSX1,280_31_1,280,31,S,N,X,8.974755724,T90,NA
SNSX10,400_31_1,400,31,S,N,X,11.30734868,T90,NA
SNSX11,400_31_1,400,31,S,N,X,10.74735655,T90,NA
SNSX12,400_31_1,400,31,S,N,X,8.221233968,T90,0.941111371
SNSX17,700_31_1,700,31,S,N,X,9.796245036,T90,NA
SNSX18,700_31_1,700,31,S,N,X,11.49313411,T90,NA
SNSX19,700_31_1,700,31,S,N,X,13.07542816,T90,1.774702879
SNSX2,280_31_1,280,31,S,N,X,6.087734992,T90,0.368535817
SNSX20,700_31_1,700,31,S,N,X,10.36689316,T90,NA
SNSX21,700_28_1,700,28,S,N,X,9.497533826,T90,NA
SNSX22,700_28_1,700,28,S,N,X,11.30657827,T90,2.194150409
SNSX23,700_28_1,700,28,S,N,X,10.53825664,T90,NA
SNSX24,700_28_1,700,28,S,N,X,8.877983162,T90,NA
SNSX25,2800_31_1,2800,31,S,N,X,11.20202769,T90,NA
SNSX26,2800_31_1,2800,31,S,N,X,12.19297825,T90,NA
SNSX27,2800_31_1,2800,31,S,N,X,9.759642072,T90,NA
SNSX28,2800_31_1,2800,31,S,N,X,10.96984002,T90,0.138257866
SNSX29,2800_28_1,2800,28,S,N,X,10.87708244,T90,NA
SNSX3,280_31_1,280,31,S,N,X,10.41164323,T90,NA
SNSX30,2800_28_1,2800,28,S,N,X,9.014287087,T90,0.447068078
SNSX31,2800_28_1,2800,28,S,N,X,9.183660091,T90,NA
SNSX32,2800_28_1,2800,28,S,N,X,8.658544355,T90,NA
SNSX37,400_28_1,400,28,S,N,X,10.6928288,T90,NA
SNSX38,400_28_1,400,28,S,N,X,12.6879686,T90,1.150959133
SNSX4,280_31_1,280,31,S,N,X,9.533569619,T90,NA
SNSX40,400_28_1,400,28,S,N,X,9.663371319,T90,NA
SNSX5,280_28_1,280,28,S,N,X,9.796247799,T90,NA
SNSX6,280_28_1,280,28,S,N,X,9.704965771,T90,NA
SNSX7,280_28_1,280,28,S,N,X,10.43450467,T90,NA
SNSX8,280_28_1,280,28,S,N,X,14.28425791,T90,1.84660761
SNSX9,400_31_1,400,31,S,N,X,9.786817778,T90,NA
SNSY1,400_31_2,400,31,S,N,Y,7.942647586,T90,NA
SNSY10,400_31_2,400,31,S,N,Y,NA,T90,NA
SNSY11,400_31_2,400,31,S,N,Y,12.48091936,T90,0.871911576
SNSY12,400_31_2,400,31,S,N,Y,NA,T90,NA
SNSY14,400_28_2,400,28,S,N,Y,10.84090902,T90,1.429000708
SNSY15,400_28_2,400,28,S,N,Y,9.546994076,T90,NA
SNSY17,700_31_2,700,31,S,N,Y,7.863813799,T90,NA
SNSY18,700_31_2,700,31,S,N,Y,11.9885606,T90,NA
SNSY19,700_31_2,700,31,S,N,Y,9.626517285,T90,NA
SNSY2,280_31_2,280,31,S,N,Y,9.241743899,T90,NA
SNSY20,700_31_2,700,31,S,N,Y,12.4652719,T90,1.437460288
SNSY21,700_28_2,700,28,S,N,Y,9.283649778,T90,NA
SNSY22,700_28_2,700,28,S,N,Y,11.56329815,T90,1.909345677
SNSY23,700_28_2,700,28,S,N,Y,8.162592949,T90,NA
SNSY24,700_28_2,700,28,S,N,Y,8.208142791,T90,NA
SNSY25,2800_31_2,2800,31,S,N,Y,7.993453783,T90,NA
SNSY26,2800_31_2,2800,31,S,N,Y,11.99892998,T90,NA
SNSY27,400_31_2,400,31,S,N,Y,9.945446009,T90,NA
SNSY28,2800_31_2,2800,31,S,N,Y,10.30486231,T90,NA
SNSY29,2800_28_2,2800,28,S,N,Y,8.777965091,T90,NA
SNSY3,280_31_2,280,31,S,N,Y,3.411558218,T90,-0.307304472
SNSY30,2800_28_2,2800,28,S,N,Y,9.875591052,T90,NA
SNSY31,2800_28_2,2800,28,S,N,Y,7.565367773,T90,NA
SNSY32,2800_28_2,2800,28,S,N,Y,10.96454588,T90,1.839717476
SNSY33,280_31_2,280,31,S,N,Y,10.56426815,T90,NA
SNSY37,400_31_2,400,31,S,N,Y,10.41032745,T90,NA
SNSY39,400_28_2,400,28,S,N,Y,9.466261909,T90,NA
SNSY4,280_31_2,280,31,S,N,Y,12.54516341,T90,NA
SNSY40,2800_31_2,2800,31,S,N,Y,9.601171904,T90,-0.029336697
SNSY5,280_28_2,280,28,S,N,Y,9.111943316,T90,NA
SNSY6,280_28_2,280,28,S,N,Y,10.12201374,T90,1.041964027
SNSY7,280_28_2,280,28,S,N,Y,9.139421396,T90,NA
SNSY8,280_28_2,280,28,S,N,Y,12.13337321,T90,NA
SNSZ1,280_31_3,280,31,S,N,Z,11.78022861,T90,NA
SNSZ10,400_31_3,400,31,S,N,Z,8.556919031,T90,0.352855371
SNSZ12,400_31_3,400,31,S,N,Z,8.749063764,T90,NA
SNSZ17,700_31_3,700,31,S,N,Z,10.64733482,T90,NA
SNSZ18,700_31_3,700,31,S,N,Z,10.67923374,T90,1.830031424
SNSZ19,700_31_3,700,31,S,N,Z,12.20996494,T90,NA
SNSZ2,280_31_3,280,31,S,N,Z,11.70842558,T90,1.840968161
SNSZ20,700_31_3,700,31,S,N,Z,9.460195162,T90,NA
SNSZ21,700_28_3,700,28,S,N,Z,12.21045083,T90,NA
SNSZ22,700_28_3,700,28,S,N,Z,10.43545048,T90,0.901095104
SNSZ23,700_28_3,700,28,S,N,Z,8.175738208,T90,NA
SNSZ24,700_28_3,700,28,S,N,Z,12.2367271,T90,NA
SNSZ25,2800_31_3,2800,31,S,N,Z,10.73332214,T90,NA
SNSZ26,2800_31_3,2800,31,S,N,Z,10.49814494,T90,NA
SNSZ27,400_28_3,400,28,S,N,Z,11.85687954,T90,NA
SNSZ29,2800_28_3,2800,28,S,N,Z,10.46975626,T90,NA
SNSZ3,280_31_3,280,31,S,N,Z,11.42837091,T90,NA
SNSZ32,2800_28_3,2800,28,S,N,Z,9.714428164,T90,0.655725679
SNSZ34,400_31_3,400,31,S,N,Z,10.44177331,T90,NA
SNSZ4,280_31_3,280,31,S,N,Z,11.42826148,T90,NA
SNSZ41,2800_31_3,2800,31,S,N,Z,8.738457538,T90,0.391754874
SNSZ42,2800_31_3,2800,31,S,N,Z,8.058395622,T90,NA
SNSZ47,400_28_3,400,28,S,N,Z,9.951308036,T90,NA
SNSZ48,2800_28_3,2800,28,S,N,Z,7.567535755,T90,NA
SNSZ5,280_28_3,280,28,S,N,Z,13.01024274,T90,NA
SNSZ50,400_28_3,400,28,S,N,Z,8.243693459,T90,0.323277426
SNSZ52,2800_28_3,2800,28,S,N,Z,6.654735978,T90,NA
SNSZ6,280_28_3,280,28,S,N,Z,11.03913725,T90,NA
SNSZ7,280_28_3,280,28,S,N,Z,11.89111781,T90,NA
SNSZ8,280_28_3,280,28,S,N,Z,12.15458747,T90,1.307617262
SNSZ9,400_31_3,400,31,S,N,Z,10.83481761,T90,NA
SFPX1,280_31_1,280,31,P,F,X,12.40013897,T90,NA
SFPX10,400_31_1,400,31,P,F,X,8.068759223,T90,NA
SFPX11,400_31_1,400,31,P,F,X,9.548318444,T90,NA
SFPX12,400_31_1,400,31,P,F,X,10.57862473,T90,-0.954328576
SFPX17,700_31_1,700,31,P,F,X,9.994337683,T90,NA
SFPX18,700_31_1,700,31,P,F,X,11.28594569,T90,-0.049747222
SFPX19,700_31_1,700,31,P,F,X,12.50584599,T90,NA
SFPX2,400_28_1,400,28,P,F,X,13.02590689,T90,NA
SFPX20,700_31_1,700,31,P,F,X,10.82516588,T90,NA
SFPX21,700_28_1,700,28,P,F,X,13.57705957,T90,NA
SFPX22,700_28_1,700,28,P,F,X,10.92101195,T90,NA
SFPX24,700_28_1,700,28,P,F,X,14.80244858,T90,0.647242767
SFPX25,2800_31_1,2800,31,P,F,X,10.27355817,T90,NA
SFPX26,2800_31_1,2800,31,P,F,X,12.97746062,T90,NA
SFPX27,2800_31_1,2800,31,P,F,X,10.97178607,T90,-0.028061875
SFPX28,2800_31_1,2800,31,P,F,X,14.58624518,T90,NA
SFPX3,400_28_1,400,28,P,F,X,13.03102447,T90,NA
SFPX30,2800_28_1,2800,28,P,F,X,14.00692239,T90,NA
SFPX32,2800_28_1,2800,28,P,F,X,13.39946969,T90,NA
SFPX33,700_28_1,700,28,P,F,X,10.48439663,T90,NA
SFPX37,280_28_1,280,28,P,F,X,13.72456363,T90,NA
SFPX4,400_28_1,400,28,P,F,X,13.43504994,T90,0.002696099
SFPX6,280_28_1,280,28,P,F,X,15.22822569,T90,NA
SFPX7,280_28_1,280,28,P,F,X,15.65321425,T90,1.183521396
SFPX9,400_31_1,400,31,P,F,X,13.09683164,T90,NA
SFSZ1,280_31_3,280,31,P,F,Z,10.07680878,T90,NA
SFSZ10,400_31_3,400,31,P,F,Z,12.87095844,T90,-0.343158143
SFSZ11,400_31_3,400,31,P,F,Z,10.23726761,T90,NA
SFSZ12,400_31_3,400,31,P,F,Z,12.94810252,T90,NA
SFSZ17,700_31_3,700,31,P,F,Z,11.00500208,T90,NA
SFSZ18,700_31_3,700,31,P,F,Z,9.60228373,T90,NA
SFSZ19,700_31_3,700,31,P,F,Z,10.66146804,T90,-0.631932986
SFSZ2,280_31_3,280,31,P,F,Z,10.46528651,T90,0.205995932
SFSZ20,700_31_3,700,31,P,F,Z,12.21236255,T90,NA
SFSZ21,700_28_3,700,28,P,F,Z,11.56374845,T90,NA
SFSZ22,700_28_3,700,28,P,F,Z,12.56615398,T90,NA
SFSZ23,700_28_3,700,28,P,F,Z,12.92202173,T90,NA
SFSZ24,700_28_3,700,28,P,F,Z,11.4001967,T90,1.307472567
SFSZ25,2800_31_3,2800,31,P,F,Z,11.39915836,T90,NA
SFSZ26,2800_31_3,2800,31,P,F,Z,9.600764957,T90,NA
SFSZ27,2800_31_3,2800,31,P,F,Z,9.6890376,T90,-0.93648792
SFSZ28,2800_31_3,2800,31,P,F,Z,9.833257295,T90,NA
SFSZ29,2800_28_3,2800,28,P,F,Z,10.30552015,T90,NA
SFSZ3,280_31_3,280,31,P,F,Z,10.22583166,T90,NA
SFSZ30,2800_28_3,2800,28,P,F,Z,11.22522947,T90,NA
SFSZ31,2800_28_3,2800,28,P,F,Z,15.04720886,T90,0.841329896
SFSZ35,400_31_2,400,31,P,F,Z,9.283436045,T90,NA
SFSZ36,280_31_2,280,31,P,F,Z,9.901283355,T90,NA
SFSZ38,280_28_2,280,28,P,F,Z,15.06133794,T90,NA
SFSZ4,280_31_3,280,31,P,F,Z,12.03123452,T90,NA
SFSZ40,400_28_3,400,28,P,F,Z,7.866291586,T90,NA
SFSZ41,400_28_3,400,28,P,F,Z,3.913694091,T90,-0.708026722
SFSZ42,2800_28_3,2800,28,P,F,Z,10.57812779,T90,NA
SFSZ44,400_28_3,400,28,P,F,Z,6.903062936,T90,NA
SFSZ5,280_28_3,280,28,P,F,Z,10.47280755,T90,NA
SFSZ6,280_28_3,280,28,P,F,Z,12.37782516,T90,NA
SFSZ7,280_28_3,280,28,P,F,Z,10.90717035,T90,NA
SFSZ8,280_28_3,280,28,P,F,Z,13.15212131,T90,2.410723585
SFSZ9,400_31_3,400,31,P,F,Z,10.42930981,T90,NA
SNPX1,280_31_1,280,31,P,N,X,13.08025711,T90,NA
SNPX10,400_31_1,400,31,P,N,X,16.40948851,T90,-0.16021415
SNPX11,400_31_1,400,31,P,N,X,14.80488021,T90,NA
SNPX12,400_31_1,400,31,P,N,X,12.26878428,T90,NA
SNPX17,700_31_1,700,31,P,N,X,11.40505437,T90,NA
SNPX18,700_31_1,700,31,P,N,X,12.56212829,T90,NA
SNPX19,700_31_1,700,31,P,N,X,12.41147183,T90,0.643517555
SNPX20,700_31_1,700,31,P,N,X,12.76901002,T90,NA
SNPX21,700_28_1,700,28,P,N,X,12.58013856,T90,NA
SNPX22,700_28_1,700,28,P,N,X,12.6447569,T90,NA
SNPX23,700_28_1,700,28,P,N,X,17.57592461,T90,1.549796765
SNPX24,700_28_1,700,28,P,N,X,13.37553633,T90,NA
SNPX25,2800_31_1,2800,31,P,N,X,16.40760434,T90,NA
SNPX26,2800_31_1,2800,31,P,N,X,15.40220449,T90,0.418612515
SNPX27,2800_31_1,2800,31,P,N,X,14.50425981,T90,NA
SNPX28,2800_31_1,2800,31,P,N,X,16.61673469,T90,NA
SNPX29,2800_28_1,2800,28,P,N,X,10.01577725,T90,NA
SNPX3,400_28_1,400,28,P,N,X,14.04665061,T90,1.503387259
SNPX30,2800_28_1,2800,28,P,N,X,13.53786018,T90,NA
SNPX32,2800_28_1,2800,28,P,N,X,15.92628486,T90,NA
SNPX33,400_28_1,400,28,P,N,X,NA,T90,NA
SNPX39,2800_28_1,2800,28,P,N,X,18.3487104,T90,0.882423504
SNPX4,400_28_1,400,28,P,N,X,7.687149005,T90,NA
SNPX5,280_28_1,280,28,P,N,X,11.3159025,T90,NA
SNPX6,280_28_1,280,28,P,N,X,17.4259709,T90,1.915025739
SNPX7,280_28_1,280,28,P,N,X,9.799311521,T90,NA
SNPX8,280_28_1,280,28,P,N,X,12.72582763,T90,NA
SNPX9,400_31_1,400,31,P,N,X,14.97505892,T90,NA
SNPY1,280_31_2,280,31,P,N,Y,10.39757971,T90,NA
SNPY10,400_31_2,400,31,P,N,Y,10.64985278,T90,NA
SNPY11,400_31_2,400,31,P,N,Y,9.027207326,T90,NA
SNPY12,400_31_2,400,31,P,N,Y,11.780026,T90,1.420894321
SNPY17,700_31_2,700,31,P,N,Y,8.902318474,T90,NA
SNPY18,700_31_2,700,31,P,N,Y,13.13927043,T90,NA
SNPY19,700_31_2,700,31,P,N,Y,10.45816983,T90,NA
SNPY2,280_31_2,280,31,P,N,Y,13.17315985,T90,NA
SNPY20,700_31_2,700,31,P,N,Y,13.75478815,T90,1.383865572
SNPY21,700_28_2,700,28,P,N,Y,8.718148695,T90,NA
SNPY22,700_28_2,700,28,P,N,Y,11.03303227,T90,NA
SNPY23,700_28_2,700,28,P,N,Y,9.760858005,T90,NA
SNPY24,700_28_2,700,28,P,N,Y,13.22241916,T90,1.824477027
SNPY26,2800_31_2,2800,31,P,N,Y,12.51716679,T90,0.659787219
SNPY27,2800_31_2,2800,31,P,N,Y,9.284636684,T90,NA
SNPY28,2800_31_2,2800,31,P,N,Y,8.920762525,T90,NA
SNPY29,2800_28_2,2800,28,P,N,Y,7.34542328,T90,NA
SNPY3,400_28_2,400,28,P,N,Y,8.734106021,T90,NA
SNPY30,2800_28_2,2800,28,P,N,Y,9.08220684,T90,NA
SNPY31,2800_28_2,2800,28,P,N,Y,12.03055591,T90,1.43617636
SNPY32,2800_28_2,2800,28,P,N,Y,12.48080368,T90,NA
SNPY33,2800_31_2,2800,31,P,N,Y,8.244180101,T90,NA
SNPY34,400_28_2,400,28,P,N,Y,NA,T90,NA
SNPY35,400_28_2,400,28,P,N,Y,NA,T90,NA
SNPY4,280_31_2,280,31,P,N,Y,12.91308077,T90,1.771272174
SNPY5,280_28_2,280,28,P,N,Y,11.10802762,T90,NA
SNPY6,280_28_2,280,28,P,N,Y,13.88219069,T90,2.459436436
SNPY7,280_28_2,280,28,P,N,Y,11.6450151,T90,NA
SNPY8,280_28_2,280,28,P,N,Y,9.324060272,T90,NA
SNPY9,400_31_2,400,31,P,N,Y,10.186245,T90,NA
SNPZ1,280_31_3,280,31,P,N,Z,11.63327755,T90,NA
SNPZ10,400_31_3,400,31,P,N,Z,11.31066431,T90,-0.378099732
SNPZ11,400_31_3,400,31,P,N,Z,10.08037922,T90,NA
SNPZ12,400_31_3,400,31,P,N,Z,12.3887918,T90,NA
SNPZ17,700_31_3,700,31,P,N,Z,11.67689975,T90,NA
SNPZ18,700_31_3,700,31,P,N,Z,12.54109767,T90,NA
SNPZ19,700_31_3,700,31,P,N,Z,11.96398536,T90,0.86740884
SNPZ2,280_31_3,280,31,P,N,Z,13.85732268,T90,2.152706795
SNPZ20,700_31_3,700,31,P,N,Z,10.98901588,T90,NA
SNPZ21,700_28_3,700,28,P,N,Z,11.09815471,T90,NA
SNPZ22,700_28_3,700,28,P,N,Z,13.26142853,T90,2.159169097
SNPZ23,700_28_3,700,28,P,N,Z,11.56793941,T90,NA
SNPZ24,700_28_3,700,28,P,N,Z,13.06726037,T90,NA
SNPZ25,2800_31_3,2800,31,P,N,Z,12.58377651,T90,NA
SNPZ26,2800_31_3,2800,31,P,N,Z,12.24102267,T90,NA
SNPZ27,2800_31_3,2800,31,P,N,Z,13.96124484,T90,-0.710888535
SNPZ28,2800_31_3,2800,31,P,N,Z,12.35184962,T90,NA
SNPZ29,2800_28_3,2800,28,P,N,Z,11.88036067,T90,NA
SNPZ3,280_31_3,280,31,P,N,Z,11.66846802,T90,NA
SNPZ30,2800_28_3,2800,28,P,N,Z,13.88002915,T90,1.088230183
SNPZ31,2800_28_3,2800,28,P,N,Z,12.26261114,T90,NA
SNPZ32,2800_28_3,2800,28,P,N,Z,7.526001877,T90,NA
SNPZ38,400_28_3,400,28,P,N,Z,12.53178473,T90,NA
SNPZ39,280_31_2,280,31,P,N,Z,8.038008336,T90,NA
SNPZ4,280_31_3,280,31,P,N,Z,11.11281294,T90,NA
SNPZ43,400_28_3,400,28,P,N,Z,7.014957498,T90,NA
SNPZ46,400_28_3,400,28,P,N,Z,8.95149212,T90,1.539693648
SNPZ5,280_28_3,280,28,P,N,Z,11.03506207,T90,NA
SNPZ6,280_28_3,280,28,P,N,Z,13.05146428,T90,NA
SNPZ7,280_28_3,280,28,P,N,Z,13.29803709,T90,2.522661908
SNPZ8,280_28_3,280,28,P,N,Z,12.25394487,T90,NA
SNPZ9,400_31_3,400,31,P,N,Z,9.704998581,T90,NA
SFPZ1,280_31_3,280,31,S,F,Z,10.31688122,T0_T90,NA
SFPZ10,400_31_3,400,31,S,F,Z,9.504307204,T0_T90,NA
SFPZ11,400_31_3,400,31,S,F,Z,8.290116213,T0_T90,0.269418496
SFPZ12,400_31_3,400,31,S,F,Z,8.884985239,T0_T90,NA
SFPZ13,400_28_3,400,28,S,F,Z,13.92064158,T0_T90,NA
SFPZ17,700_31_3,700,31,S,F,Z,12.32800557,T0_T90,NA
SFPZ18,700_31_3,700,31,S,F,Z,11.15325309,T0_T90,NA
SFPZ19,700_31_3,700,31,S,F,Z,9.87456947,T0_T90,NA
SFPZ20,700_31_3,700,31,S,F,Z,9.774347119,T0_T90,0.714527781
SFPZ21,700_28_3,700,28,S,F,Z,9.663482864,T0_T90,NA
SFPZ22,700_28_3,700,28,S,F,Z,NA,T0_T90,NA
SFPZ23,700_28_3,700,28,S,F,Z,11.3218507,T0_T90,NA
SFPZ24,700_28_3,700,28,S,F,Z,9.683910216,T0_T90,0.713799017
SFPZ25,280_31_3,280,31,S,F,Z,11.93075555,T0_T90,NA
SFPZ26,400_28_3,400,28,S,F,Z,NA,T0_T90,NA
SFPZ27,2800_31_3,2800,31,S,F,Z,9.403208735,T0_T90,NA
SFPZ28,2800_31_3,2800,31,S,F,Z,11.99463361,T0_T90,NA
SFPZ3,280_31_3,280,31,S,F,Z,10.44644889,T0_T90,NA
SFPZ31,2800_28_3,2800,28,S,F,Z,8.609650371,T0_T90,NA
SFPZ32,2800_28_3,2800,28,S,F,Z,10.92071846,T0_T90,NA
SFPZ35,400_31_3,400,31,S,F,Z,11.16895083,T0_T90,NA
SFPZ37,2800_31_3,2800,31,S,F,Z,11.76011829,T0_T90,0.94199367
SFPZ39,2800_31_3,2800,31,S,F,Z,11.06321455,T0_T90,NA
SFPZ4,280_31_3,280,31,S,F,Z,NA,T0_T90,NA
SFPZ40,280_31_3,280,31,S,F,Z,NA,T0_T90,NA
SFPZ41,2800_28_3,2800,28,S,F,Z,NA,T0_T90,NA
SFPZ42,280_28_3,280,28,S,F,Z,12.1252899,T0_T90,NA
SFPZ43,2800_28_3,2800,28,S,F,Z,12.15526296,T0_T90,0.183674241
SFPZ46,400_28_3,400,28,S,F,Z,7.538313942,T0_T90,NA
SFPZ48,400_28_3,400,28,S,F,Z,8.647031049,T0_T90,NA
SFPZ49,2800_28_3,2800,28,S,F,Z,8.64254529,T0_T90,NA
SFPZ5,280_28_3,280,28,S,F,Z,8.411733525,T0_T90,NA
SFPZ6,280_28_3,280,28,S,F,Z,NA,T0_T90,NA
SFPZ7,280_28_3,280,28,S,F,Z,10.70171051,T0_T90,1.398890981
SFPZ8,280_28_3,280,28,S,F,Z,10.61037194,T0_T90,NA
SFSX1,280_31_1,280,31,S,F,X,11.02470952,T0_T90,NA
SFSX10,400_31_1,400,31,S,F,X,13.31122949,T0_T90,0.988567026
SFSX11,400_31_1,400,31,S,F,X,11.66394351,T0_T90,NA
SFSX12,400_31_1,400,31,S,F,X,8.967255238,T0_T90,NA
SFSX17,700_31_1,700,31,S,F,X,9.422301038,T0_T90,NA
SFSX18,700_31_1,700,31,S,F,X,10.42743389,T0_T90,NA
SFSX19,700_31_1,700,31,S,F,X,10.3143505,T0_T90,0.95198907
SFSX2,280_31_1,280,31,S,F,X,10.38238125,T0_T90,NA
SFSX20,700_31_1,700,31,S,F,X,10.86728915,T0_T90,NA
SFSX21,700_28_1,700,28,S,F,X,9.990745941,T0_T90,NA
SFSX22,700_28_1,700,28,S,F,X,12.54470451,T0_T90,0.78724903
SFSX23,700_28_1,700,28,S,F,X,9.02878928,T0_T90,NA
SFSX24,700_28_1,700,28,S,F,X,9.108383861,T0_T90,NA
SFSX25,2800_31_1,2800,31,S,F,X,9.990660988,T0_T90,NA
SFSX26,2800_31_1,2800,31,S,F,X,10.95054852,T0_T90,0.581450718
SFSX27,2800_31_1,2800,31,S,F,X,11.78878484,T0_T90,NA
SFSX28,2800_31_1,2800,31,S,F,X,9.403120581,T0_T90,NA
SFSX29,2800_28_1,2800,28,S,F,X,9.614402511,T0_T90,NA
SFSX3,280_31_1,280,31,S,F,X,10.26791626,T0_T90,1.058842416
SFSX30,2800_28_1,2800,28,S,F,X,9.437117689,T0_T90,NA
SFSX31,2800_28_1,2800,28,S,F,X,10.65095416,T0_T90,0.492156421
SFSX32,2800_28_1,2800,28,S,F,X,11.25583127,T0_T90,NA
SFSX37,400_28_1,400,28,S,F,X,12.80567261,T0_T90,NA
SFSX39,400_28_1,400,28,S,F,X,10.06501398,T0_T90,0.922923756
SFSX4,280_31_1,280,31,S,F,X,11.74422474,T0_T90,NA
SFSX40,400_28_1,400,28,S,F,X,9.308985558,T0_T90,NA
SFSX5,280_28_1,280,28,S,F,X,11.01166721,T0_T90,NA
SFSX6,280_28_1,280,28,S,F,X,13.0493365,T0_T90,NA
SFSX7,280_28_1,280,28,S,F,X,NA,T0_T90,NA
SFSX8,280_28_1,280,28,S,F,X,11.02098015,T0_T90,1.20253895
SFSX9,400_31_1,400,31,S,F,X,13.79665482,T0_T90,NA
SFSY1,280_31_2,280,31,S,F,Y,10.788036,T0_T90,NA
SFSY10,400_31_2,400,31,S,F,Y,11.44645912,T0_T90,1.654046769
SFSY11,400_31_2,400,31,S,F,Y,10.61349035,T0_T90,NA
SFSY12,400_31_2,400,31,S,F,Y,10.21421936,T0_T90,NA
SFSY17,700_31_2,700,31,S,F,Y,9.172896227,T0_T90,NA
SFSY18,700_31_2,700,31,S,F,Y,10.12965156,T0_T90,1.564608227
SFSY19,700_31_2,700,31,S,F,Y,7.727034385,T0_T90,NA
SFSY2,280_31_2,280,31,S,F,Y,11.04069463,T0_T90,NA
SFSY20,700_31_2,700,31,S,F,Y,11.08881017,T0_T90,NA
SFSY21,700_28_2,700,28,S,F,Y,9.249863135,T0_T90,NA
SFSY22,700_28_2,700,28,S,F,Y,10.54056056,T0_T90,NA
SFSY23,700_28_2,700,28,S,F,Y,10.54019584,T0_T90,NA
SFSY24,700_28_2,700,28,S,F,Y,11.40582037,T0_T90,1.084006068
SFSY25,2800_31_2,2800,31,S,F,Y,11.09795986,T0_T90,NA
SFSY26,2800_31_2,2800,31,S,F,Y,NA,T0_T90,NA
SFSY27,2800_31_2,2800,31,S,F,Y,10.8970979,T0_T90,NA
SFSY28,2800_31_2,2800,31,S,F,Y,9.804100241,T0_T90,0.802714403
SFSY29,2800_28_2,2800,28,S,F,Y,11.20523125,T0_T90,NA
SFSY3,280_31_2,280,31,S,F,Y,NA,T0_T90,NA
SFSY30,2800_28_2,2800,28,S,F,Y,9.69539863,T0_T90,NA
SFSY32,2800_28_2,2800,28,S,F,Y,12.93495005,T0_T90,0.682987454
SFSY35,280_31_2,280,31,S,F,Y,6.815652027,T0_T90,NA
SFSY39,400_28_2,400,28,S,F,Y,12.2251075,T0_T90,1.660361781
SFSY4,280_31_2,280,31,S,F,Y,7.241816945,T0_T90,2.266587329
SFSY46,400_28_2,400,28,S,F,Y,7.830324629,T0_T90,NA
SFSY5,280_28_2,280,28,S,F,Y,9.785979148,T0_T90,NA
SFSY54,2800_28_2,2800,28,S,F,Y,5.725161887,T0_T90,NA
SFSY6,280_28_2,280,28,S,F,Y,11.44768815,T0_T90,NA
SFSY61,400_28_2,400,28,S,F,Y,12.56532312,T0_T90,NA
SFSY7,280_28_2,280,28,S,F,Y,NA,T0_T90,NA
SFSY8,280_28_2,280,28,S,F,Y,12.79958159,T0_T90,1.288282243
SFSY9,400_31_2,400,31,S,F,Y,12.22443425,T0_T90,NA
SNSX1,280_31_1,280,31,S,N,X,8.974755724,T0_T90,NA
SNSX10,400_31_1,400,31,S,N,X,11.30734868,T0_T90,NA
SNSX11,400_31_1,400,31,S,N,X,10.74735655,T0_T90,NA
SNSX12,400_31_1,400,31,S,N,X,8.221233968,T0_T90,0.996705479
SNSX17,700_31_1,700,31,S,N,X,9.796245036,T0_T90,NA
SNSX18,700_31_1,700,31,S,N,X,11.49313411,T0_T90,NA
SNSX19,700_31_1,700,31,S,N,X,13.07542816,T0_T90,1.596058552
SNSX2,280_31_1,280,31,S,N,X,6.087734992,T0_T90,1.883683905
SNSX20,700_31_1,700,31,S,N,X,10.36689316,T0_T90,NA
SNSX21,700_28_1,700,28,S,N,X,9.497533826,T0_T90,NA
SNSX22,700_28_1,700,28,S,N,X,11.30657827,T0_T90,1.644299222
SNSX23,700_28_1,700,28,S,N,X,10.53825664,T0_T90,NA
SNSX24,700_28_1,700,28,S,N,X,8.877983162,T0_T90,NA
SNSX25,2800_31_1,2800,31,S,N,X,11.20202769,T0_T90,NA
SNSX26,2800_31_1,2800,31,S,N,X,12.19297825,T0_T90,NA
SNSX27,2800_31_1,2800,31,S,N,X,9.759642072,T0_T90,NA
SNSX28,2800_31_1,2800,31,S,N,X,10.96984002,T0_T90,0.279701396
SNSX29,2800_28_1,2800,28,S,N,X,10.87708244,T0_T90,NA
SNSX3,280_31_1,280,31,S,N,X,10.41164323,T0_T90,NA
SNSX30,2800_28_1,2800,28,S,N,X,9.014287087,T0_T90,-0.062803528
SNSX31,2800_28_1,2800,28,S,N,X,9.183660091,T0_T90,NA
SNSX32,2800_28_1,2800,28,S,N,X,8.658544355,T0_T90,NA
SNSX37,400_28_1,400,28,S,N,X,10.6928288,T0_T90,NA
SNSX38,400_28_1,400,28,S,N,X,12.6879686,T0_T90,0.837183022
SNSX4,280_31_1,280,31,S,N,X,9.533569619,T0_T90,NA
SNSX40,400_28_1,400,28,S,N,X,9.663371319,T0_T90,NA
SNSX5,280_28_1,280,28,S,N,X,9.796247799,T0_T90,NA
SNSX6,280_28_1,280,28,S,N,X,9.704965771,T0_T90,NA
SNSX7,280_28_1,280,28,S,N,X,10.43450467,T0_T90,NA
SNSX8,280_28_1,280,28,S,N,X,14.28425791,T0_T90,1.6640328
SNSX9,400_31_1,400,31,S,N,X,9.786817778,T0_T90,NA
SNSY1,400_31_2,400,31,S,N,Y,7.942647586,T0_T90,NA
SNSY10,400_31_2,400,31,S,N,Y,NA,T0_T90,NA
SNSY11,400_31_2,400,31,S,N,Y,12.48091936,T0_T90,0.605008623
SNSY12,400_31_2,400,31,S,N,Y,NA,T0_T90,NA
SNSY14,400_28_2,400,28,S,N,Y,10.84090902,T0_T90,0.735435082
SNSY15,400_28_2,400,28,S,N,Y,9.546994076,T0_T90,NA
SNSY17,700_31_2,700,31,S,N,Y,7.863813799,T0_T90,NA
SNSY18,700_31_2,700,31,S,N,Y,11.9885606,T0_T90,NA
SNSY19,700_31_2,700,31,S,N,Y,9.626517285,T0_T90,NA
SNSY2,280_31_2,280,31,S,N,Y,9.241743899,T0_T90,NA
SNSY20,700_31_2,700,31,S,N,Y,12.4652719,T0_T90,1.293081864
SNSY21,700_28_2,700,28,S,N,Y,9.283649778,T0_T90,NA
SNSY22,700_28_2,700,28,S,N,Y,11.56329815,T0_T90,1.244529029
SNSY23,700_28_2,700,28,S,N,Y,8.162592949,T0_T90,NA
SNSY24,700_28_2,700,28,S,N,Y,8.208142791,T0_T90,NA
SNSY25,2800_31_2,2800,31,S,N,Y,7.993453783,T0_T90,NA
SNSY26,2800_31_2,2800,31,S,N,Y,11.99892998,T0_T90,NA
SNSY27,400_31_2,400,31,S,N,Y,9.945446009,T0_T90,NA
SNSY28,2800_31_2,2800,31,S,N,Y,10.30486231,T0_T90,NA
SNSY29,2800_28_2,2800,28,S,N,Y,8.777965091,T0_T90,NA
SNSY3,280_31_2,280,31,S,N,Y,3.411558218,T0_T90,0.89849358
SNSY30,2800_28_2,2800,28,S,N,Y,9.875591052,T0_T90,NA
SNSY31,2800_28_2,2800,28,S,N,Y,7.565367773,T0_T90,NA
SNSY32,2800_28_2,2800,28,S,N,Y,10.96454588,T0_T90,0.980383728
SNSY33,280_31_2,280,31,S,N,Y,10.56426815,T0_T90,NA
SNSY37,400_31_2,400,31,S,N,Y,10.41032745,T0_T90,NA
SNSY39,400_28_2,400,28,S,N,Y,9.466261909,T0_T90,NA
SNSY4,280_31_2,280,31,S,N,Y,12.54516341,T0_T90,NA
SNSY40,2800_31_2,2800,31,S,N,Y,9.601171904,T0_T90,0.223483023
SNSY5,280_28_2,280,28,S,N,Y,9.111943316,T0_T90,NA
SNSY6,280_28_2,280,28,S,N,Y,10.12201374,T0_T90,1.220788908
SNSY7,280_28_2,280,28,S,N,Y,9.139421396,T0_T90,NA
SNSY8,280_28_2,280,28,S,N,Y,12.13337321,T0_T90,NA
SNSZ1,280_31_3,280,31,S,N,Z,11.78022861,T0_T90,NA
SNSZ10,400_31_3,400,31,S,N,Z,8.556919031,T0_T90,0.433144566
SNSZ12,400_31_3,400,31,S,N,Z,8.749063764,T0_T90,NA
SNSZ17,700_31_3,700,31,S,N,Z,10.64733482,T0_T90,NA
SNSZ18,700_31_3,700,31,S,N,Z,10.67923374,T0_T90,1.674456738
SNSZ19,700_31_3,700,31,S,N,Z,12.20996494,T0_T90,NA
SNSZ2,280_31_3,280,31,S,N,Z,11.70842558,T0_T90,1.380876927
SNSZ20,700_31_3,700,31,S,N,Z,9.460195162,T0_T90,NA
SNSZ21,700_28_3,700,28,S,N,Z,12.21045083,T0_T90,NA
SNSZ22,700_28_3,700,28,S,N,Z,10.43545048,T0_T90,0.97048224
SNSZ23,700_28_3,700,28,S,N,Z,8.175738208,T0_T90,NA
SNSZ24,700_28_3,700,28,S,N,Z,12.2367271,T0_T90,NA
SNSZ25,2800_31_3,2800,31,S,N,Z,10.73332214,T0_T90,NA
SNSZ26,2800_31_3,2800,31,S,N,Z,10.49814494,T0_T90,NA
SNSZ27,400_28_3,400,28,S,N,Z,11.85687954,T0_T90,NA
SNSZ29,2800_28_3,2800,28,S,N,Z,10.46975626,T0_T90,NA
SNSZ3,280_31_3,280,31,S,N,Z,11.42837091,T0_T90,NA
SNSZ32,2800_28_3,2800,28,S,N,Z,9.714428164,T0_T90,0.503285459
SNSZ34,400_31_3,400,31,S,N,Z,10.44177331,T0_T90,NA
SNSZ4,280_31_3,280,31,S,N,Z,11.42826148,T0_T90,NA
SNSZ41,2800_31_3,2800,31,S,N,Z,8.738457538,T0_T90,0.335127179
SNSZ42,2800_31_3,2800,31,S,N,Z,8.058395622,T0_T90,NA
SNSZ47,400_28_3,400,28,S,N,Z,9.951308036,T0_T90,NA
SNSZ48,2800_28_3,2800,28,S,N,Z,7.567535755,T0_T90,NA
SNSZ5,280_28_3,280,28,S,N,Z,13.01024274,T0_T90,NA
SNSZ50,400_28_3,400,28,S,N,Z,8.243693459,T0_T90,0.499038941
SNSZ52,2800_28_3,2800,28,S,N,Z,6.654735978,T0_T90,NA
SNSZ6,280_28_3,280,28,S,N,Z,11.03913725,T0_T90,NA
SNSZ7,280_28_3,280,28,S,N,Z,11.89111781,T0_T90,NA
SNSZ8,280_28_3,280,28,S,N,Z,12.15458747,T0_T90,1.070680864
SNSZ9,400_31_3,400,31,S,N,Z,10.83481761,T0_T90,NA
SFPX1,280_31_1,280,31,P,F,X,12.40013897,T0_T90,NA
SFPX10,400_31_1,400,31,P,F,X,8.068759223,T0_T90,NA
SFPX11,400_31_1,400,31,P,F,X,9.548318444,T0_T90,NA
SFPX12,400_31_1,400,31,P,F,X,10.57862473,T0_T90,0.148073921
SFPX17,700_31_1,700,31,P,F,X,9.994337683,T0_T90,NA
SFPX18,700_31_1,700,31,P,F,X,11.28594569,T0_T90,0.528030739
SFPX19,700_31_1,700,31,P,F,X,12.50584599,T0_T90,NA
SFPX2,400_28_1,400,28,P,F,X,13.02590689,T0_T90,NA
SFPX20,700_31_1,700,31,P,F,X,10.82516588,T0_T90,NA
SFPX21,700_28_1,700,28,P,F,X,13.57705957,T0_T90,NA
SFPX22,700_28_1,700,28,P,F,X,10.92101195,T0_T90,NA
SFPX24,700_28_1,700,28,P,F,X,14.80244858,T0_T90,1.124850226
SFPX25,2800_31_1,2800,31,P,F,X,10.27355817,T0_T90,NA
SFPX26,2800_31_1,2800,31,P,F,X,12.97746062,T0_T90,NA
SFPX27,2800_31_1,2800,31,P,F,X,10.97178607,T0_T90,0.42811665
SFPX28,2800_31_1,2800,31,P,F,X,14.58624518,T0_T90,NA
SFPX3,400_28_1,400,28,P,F,X,13.03102447,T0_T90,NA
SFPX30,2800_28_1,2800,28,P,F,X,14.00692239,T0_T90,NA
SFPX32,2800_28_1,2800,28,P,F,X,13.39946969,T0_T90,NA
SFPX33,700_28_1,700,28,P,F,X,10.48439663,T0_T90,NA
SFPX37,280_28_1,280,28,P,F,X,13.72456363,T0_T90,NA
SFPX4,400_28_1,400,28,P,F,X,13.43504994,T0_T90,0.36192567
SFPX6,280_28_1,280,28,P,F,X,15.22822569,T0_T90,NA
SFPX7,280_28_1,280,28,P,F,X,15.65321425,T0_T90,1.277352137
SFPX9,400_31_1,400,31,P,F,X,13.09683164,T0_T90,NA
SFSZ1,280_31_3,280,31,P,F,Z,10.07680878,T0_T90,NA
SFSZ10,400_31_3,400,31,P,F,Z,12.87095844,T0_T90,0.340405692
SFSZ11,400_31_3,400,31,P,F,Z,10.23726761,T0_T90,NA
SFSZ12,400_31_3,400,31,P,F,Z,12.94810252,T0_T90,NA
SFSZ17,700_31_3,700,31,P,F,Z,11.00500208,T0_T90,NA
SFSZ18,700_31_3,700,31,P,F,Z,9.60228373,T0_T90,NA
SFSZ19,700_31_3,700,31,P,F,Z,10.66146804,T0_T90,0.261859671
SFSZ2,280_31_3,280,31,P,F,Z,10.46528651,T0_T90,0.788602143
SFSZ20,700_31_3,700,31,P,F,Z,12.21236255,T0_T90,NA
SFSZ21,700_28_3,700,28,P,F,Z,11.56374845,T0_T90,NA
SFSZ22,700_28_3,700,28,P,F,Z,12.56615398,T0_T90,NA
SFSZ23,700_28_3,700,28,P,F,Z,12.92202173,T0_T90,NA
SFSZ24,700_28_3,700,28,P,F,Z,11.4001967,T0_T90,1.218660982
SFSZ25,2800_31_3,2800,31,P,F,Z,11.39915836,T0_T90,NA
SFSZ26,2800_31_3,2800,31,P,F,Z,9.600764957,T0_T90,NA
SFSZ27,2800_31_3,2800,31,P,F,Z,9.6890376,T0_T90,0.199586312
SFSZ28,2800_31_3,2800,31,P,F,Z,9.833257295,T0_T90,NA
SFSZ29,2800_28_3,2800,28,P,F,Z,10.30552015,T0_T90,NA
SFSZ3,280_31_3,280,31,P,F,Z,10.22583166,T0_T90,NA
SFSZ30,2800_28_3,2800,28,P,F,Z,11.22522947,T0_T90,NA
SFSZ31,2800_28_3,2800,28,P,F,Z,15.04720886,T0_T90,0.836777075
SFSZ35,400_31_2,400,31,P,F,Z,9.283436045,T0_T90,NA
SFSZ36,280_31_2,280,31,P,F,Z,9.901283355,T0_T90,NA
SFSZ38,280_28_2,280,28,P,F,Z,15.06133794,T0_T90,NA
SFSZ4,280_31_3,280,31,P,F,Z,12.03123452,T0_T90,NA
SFSZ40,400_28_3,400,28,P,F,Z,7.866291586,T0_T90,NA
SFSZ41,400_28_3,400,28,P,F,Z,3.913694091,T0_T90,-0.279414864
SFSZ42,2800_28_3,2800,28,P,F,Z,10.57812779,T0_T90,NA
SFSZ44,400_28_3,400,28,P,F,Z,6.903062936,T0_T90,NA
SFSZ5,280_28_3,280,28,P,F,Z,10.47280755,T0_T90,NA
SFSZ6,280_28_3,280,28,P,F,Z,12.37782516,T0_T90,NA
SFSZ7,280_28_3,280,28,P,F,Z,10.90717035,T0_T90,NA
SFSZ8,280_28_3,280,28,P,F,Z,13.15212131,T0_T90,2.05861528
SFSZ9,400_31_3,400,31,P,F,Z,10.42930981,T0_T90,NA
SNPX1,280_31_1,280,31,P,N,X,13.08025711,T0_T90,NA
SNPX10,400_31_1,400,31,P,N,X,16.40948851,T0_T90,0.599519078
SNPX11,400_31_1,400,31,P,N,X,14.80488021,T0_T90,NA
SNPX12,400_31_1,400,31,P,N,X,12.26878428,T0_T90,NA
SNPX17,700_31_1,700,31,P,N,X,11.40505437,T0_T90,NA
SNPX18,700_31_1,700,31,P,N,X,12.56212829,T0_T90,NA
SNPX19,700_31_1,700,31,P,N,X,12.41147183,T0_T90,1.005467072
SNPX20,700_31_1,700,31,P,N,X,12.76901002,T0_T90,NA
SNPX21,700_28_1,700,28,P,N,X,12.58013856,T0_T90,NA
SNPX22,700_28_1,700,28,P,N,X,12.6447569,T0_T90,NA
SNPX23,700_28_1,700,28,P,N,X,17.57592461,T0_T90,1.334931325
SNPX24,700_28_1,700,28,P,N,X,13.37553633,T0_T90,NA
SNPX25,2800_31_1,2800,31,P,N,X,16.40760434,T0_T90,NA
SNPX26,2800_31_1,2800,31,P,N,X,15.40220449,T0_T90,0.960426683
SNPX27,2800_31_1,2800,31,P,N,X,14.50425981,T0_T90,NA
SNPX28,2800_31_1,2800,31,P,N,X,16.61673469,T0_T90,NA
SNPX29,2800_28_1,2800,28,P,N,X,10.01577725,T0_T90,NA
SNPX3,400_28_1,400,28,P,N,X,14.04665061,T0_T90,1.413556794
SNPX30,2800_28_1,2800,28,P,N,X,13.53786018,T0_T90,NA
SNPX32,2800_28_1,2800,28,P,N,X,15.92628486,T0_T90,NA
SNPX33,400_28_1,400,28,P,N,X,NA,T0_T90,NA
SNPX39,2800_28_1,2800,28,P,N,X,18.3487104,T0_T90,0.822436282
SNPX4,400_28_1,400,28,P,N,X,7.687149005,T0_T90,NA
SNPX5,280_28_1,280,28,P,N,X,11.3159025,T0_T90,NA
SNPX6,280_28_1,280,28,P,N,X,17.4259709,T0_T90,2.013540304
SNPX7,280_28_1,280,28,P,N,X,9.799311521,T0_T90,NA
SNPX8,280_28_1,280,28,P,N,X,12.72582763,T0_T90,NA
SNPX9,400_31_1,400,31,P,N,X,14.97505892,T0_T90,NA
SNPY1,280_31_2,280,31,P,N,Y,10.39757971,T0_T90,NA
SNPY10,400_31_2,400,31,P,N,Y,10.64985278,T0_T90,NA
SNPY11,400_31_2,400,31,P,N,Y,9.027207326,T0_T90,NA
SNPY12,400_31_2,400,31,P,N,Y,11.780026,T0_T90,1.060344563
SNPY17,700_31_2,700,31,P,N,Y,8.902318474,T0_T90,NA
SNPY18,700_31_2,700,31,P,N,Y,13.13927043,T0_T90,NA
SNPY19,700_31_2,700,31,P,N,Y,10.45816983,T0_T90,NA
SNPY2,280_31_2,280,31,P,N,Y,13.17315985,T0_T90,NA
SNPY20,700_31_2,700,31,P,N,Y,13.75478815,T0_T90,1.309429254
SNPY21,700_28_2,700,28,P,N,Y,8.718148695,T0_T90,NA
SNPY22,700_28_2,700,28,P,N,Y,11.03303227,T0_T90,NA
SNPY23,700_28_2,700,28,P,N,Y,9.760858005,T0_T90,NA
SNPY24,700_28_2,700,28,P,N,Y,13.22241916,T0_T90,1.600813782
SNPY26,2800_31_2,2800,31,P,N,Y,12.51716679,T0_T90,0.990894359
SNPY27,2800_31_2,2800,31,P,N,Y,9.284636684,T0_T90,NA
SNPY28,2800_31_2,2800,31,P,N,Y,8.920762525,T0_T90,NA
SNPY29,2800_28_2,2800,28,P,N,Y,7.34542328,T0_T90,NA
SNPY3,400_28_2,400,28,P,N,Y,8.734106021,T0_T90,NA
SNPY30,2800_28_2,2800,28,P,N,Y,9.08220684,T0_T90,NA
SNPY31,2800_28_2,2800,28,P,N,Y,12.03055591,T0_T90,1.391790576
SNPY32,2800_28_2,2800,28,P,N,Y,12.48080368,T0_T90,NA
SNPY33,2800_31_2,2800,31,P,N,Y,8.244180101,T0_T90,NA
SNPY34,400_28_2,400,28,P,N,Y,NA,T0_T90,NA
SNPY35,400_28_2,400,28,P,N,Y,NA,T0_T90,NA
SNPY4,280_31_2,280,31,P,N,Y,12.91308077,T0_T90,1.957207532
SNPY5,280_28_2,280,28,P,N,Y,11.10802762,T0_T90,NA
SNPY6,280_28_2,280,28,P,N,Y,13.88219069,T0_T90,1.811099966
SNPY7,280_28_2,280,28,P,N,Y,11.6450151,T0_T90,NA
SNPY8,280_28_2,280,28,P,N,Y,9.324060272,T0_T90,NA
SNPY9,400_31_2,400,31,P,N,Y,10.186245,T0_T90,NA
SNPZ1,280_31_3,280,31,P,N,Z,11.63327755,T0_T90,NA
SNPZ10,400_31_3,400,31,P,N,Z,11.31066431,T0_T90,1.232615675
SNPZ11,400_31_3,400,31,P,N,Z,10.08037922,T0_T90,NA
SNPZ12,400_31_3,400,31,P,N,Z,12.3887918,T0_T90,NA
SNPZ17,700_31_3,700,31,P,N,Z,11.67689975,T0_T90,NA
SNPZ18,700_31_3,700,31,P,N,Z,12.54109767,T0_T90,NA
SNPZ19,700_31_3,700,31,P,N,Z,11.96398536,T0_T90,1.338748968
SNPZ2,280_31_3,280,31,P,N,Z,13.85732268,T0_T90,1.987282947
SNPZ20,700_31_3,700,31,P,N,Z,10.98901588,T0_T90,NA
SNPZ21,700_28_3,700,28,P,N,Z,11.09815471,T0_T90,NA
SNPZ22,700_28_3,700,28,P,N,Z,13.26142853,T0_T90,1.391250129
SNPZ23,700_28_3,700,28,P,N,Z,11.56793941,T0_T90,NA
SNPZ24,700_28_3,700,28,P,N,Z,13.06726037,T0_T90,NA
SNPZ25,2800_31_3,2800,31,P,N,Z,12.58377651,T0_T90,NA
SNPZ26,2800_31_3,2800,31,P,N,Z,12.24102267,T0_T90,NA
SNPZ27,2800_31_3,2800,31,P,N,Z,13.96124484,T0_T90,0.854087297
SNPZ28,2800_31_3,2800,31,P,N,Z,12.35184962,T0_T90,NA
SNPZ29,2800_28_3,2800,28,P,N,Z,11.88036067,T0_T90,NA
SNPZ3,280_31_3,280,31,P,N,Z,11.66846802,T0_T90,NA
SNPZ30,2800_28_3,2800,28,P,N,Z,13.88002915,T0_T90,1.151798212
SNPZ31,2800_28_3,2800,28,P,N,Z,12.26261114,T0_T90,NA
SNPZ32,2800_28_3,2800,28,P,N,Z,7.526001877,T0_T90,NA
SNPZ38,400_28_3,400,28,P,N,Z,12.53178473,T0_T90,NA
SNPZ39,280_31_2,280,31,P,N,Z,8.038008336,T0_T90,NA
SNPZ4,280_31_3,280,31,P,N,Z,11.11281294,T0_T90,NA
SNPZ43,400_28_3,400,28,P,N,Z,7.014957498,T0_T90,NA
SNPZ46,400_28_3,400,28,P,N,Z,8.95149212,T0_T90,-0.197459007
SNPZ5,280_28_3,280,28,P,N,Z,11.03506207,T0_T90,NA
SNPZ6,280_28_3,280,28,P,N,Z,13.05146428,T0_T90,NA
SNPZ7,280_28_3,280,28,P,N,Z,13.29803709,T0_T90,2.34009738
SNPZ8,280_28_3,280,28,P,N,Z,12.25394487,T0_T90,NA
SNPZ9,400_31_3,400,31,P,N,Z,9.704998581,T0_T90,NA