id,rz,spp,gen,nub,vol_ml,tot_zoox,zoox_cm2,tank,pco2,temp,time,sur_area,perchg_day_bw,prot_mg_cm2,chlA_ug_cm2,chlA_ug_zoox,chlA_pg_zoox
CFPA19,F,P,A,19,19,62624000,5190815.91,2800_31_2,2800,31,T0,12.06438469,NA,0.564333243,9.680540118,1.86E-06,1.86E+00
CFPB10,F,P,B,10,6,6192000,956375.7685,2800_28_2,2800,28,T0,6.474442582,NA,0.301184229,4.360678103,4.56E-06,4.56E+00
CFPB11,F,P,B,11,11,37246000,4775099.729,700_28_2,700,28,T0,7.800046515,NA,0.575851267,10.85876601,2.27E-06,2.27E+00
SFPX1,F,P,X,1,25,77100000,6217672.253,280_31_1,280,31,T0,12.40013897,NA,0.537628383,8.626483967,1.39E-06,1.39E+00
SFPX10,F,P,X,10,32,1152000,142772.881,400_31_1,400,31,T60,8.068759223,0.000174084,0.104105226,24.12385779,0.000168967,1.69E+02
SFPX11,F,P,X,11,13,19630000,2055859.376,400_31_1,400,31,T30,9.548318444,0.00122828,0.612673324,7.93391218,3.86E-06,3.86E+00
SFPX12,F,P,X,12,10,1400000,132342.3447,400_31_1,400,31,T90,10.57862473,0.000245895,0.126040328,3.249057499,2.46E-05,2.46E+01
SFPX17,F,P,X,17,14,68936000,6897505.586,700_31_1,700,31,T0,9.994337683,NA,0.443584505,9.49235087,1.38E-06,1.38E+00
SFPX18,F,P,X,18,9,1728000,153110.7846,700_31_1,700,31,T90,11.28594569,0.00062835,0.392080568,1.973314476,1.29E-05,1.29E+01
SFPX19,F,P,X,19,27.5,2860000,228693.045,700_31_1,700,31,T60,12.50584599,0.000865026,0.494768607,3.15500447,1.38E-05,1.38E+01
SFPX2,F,P,X,2,22.5,6480000,497470.1612,400_28_1,400,28,T60,13.02590689,0.000726122,0.791691518,7.83511819,1.57E-05,1.57E+01
SFPX20,F,P,X,20,10,14020000,1295130.269,700_31_1,700,31,T30,10.82516588,0.000869454,0.300226346,3.855430989,2.98E-06,2.98E+00
SFPX21,F,P,X,21,17.5,108150000,7965642.297,700_28_1,700,28,T0,13.57705957,NA,0.665951756,10.08732114,1.27E-06,1.27E+00
SFPX22,F,P,X,22,14.5,17400000,1593258.947,700_28_1,700,28,T30,10.92101195,0.001121533,0.81875807,10.83855604,6.80E-06,6.80E+00
SFPX24,F,P,X,24,9,7146000,482757.9682,700_28_1,700,28,T90,14.80244858,0.001140042,0.592807329,14.80836085,3.07E-05,3.07E+01
SFPX25,F,P,X,25,10.5,9744000,948454.2587,2800_31_1,2800,31,T0,10.27355817,NA,0.562122675,6.417967261,6.77E-06,6.77E+00
SFPX26,F,P,X,26,4.5,20880000,1608943.43,2800_31_1,2800,31,T30,12.97746062,0.000585271,0.187825652,3.026835616,1.88E-06,1.88E+00
SFPX27,F,P,X,27,12.5,9375000,854464.3453,2800_31_1,2800,31,T90,10.97178607,0.000546631,0.313303593,3.755960948,4.40E-06,4.40E+00
SFPX28,F,P,X,28,66,9768000,669672.0011,2800_31_1,2800,31,T60,14.58624518,0.001048509,0.101808243,1.929576779,2.88E-06,2.88E+00
SFPX3,F,P,X,3,9.5,30875000,2369345.562,400_28_1,400,28,T30,13.03102447,0.000394122,0.789781854,8.827867697,3.73E-06,3.73E+00
SFPX30,F,P,X,30,21,33936000,2422802.031,2800_28_1,2800,28,T0,14.00692239,NA,0.587209651,8.538315321,3.52E-06,3.52E+00
SFPX32,F,P,X,32,8,8352000,623308.2496,2800_28_1,2800,28,T30,13.39946969,0.000659159,0.492556806,9.592833369,1.54E-05,1.54E+01
SFPX33,F,P,X,33,70,46480000,4433254.64,700_28_1,700,28,T60,10.48439663,0.001859833,0.467361182,10.2194684,2.31E-06,2.31E+00
SFPX34,F,P,X,34,7.5,12540000,1141561.912,400_28_1,400,28,T0,10.98494954,NA,0.551891475,13.80856594,1.21E-05,1.21E+01
SFPX37,F,P,X,37,6.5,24843000,1810112.195,280_28_1,280,28,T30,13.72456363,0.00137843,0.56043069,9.506155786,5.25E-06,5.25E+00
SFPX4,F,P,X,4,9,2052000,152734.8249,400_28_1,400,28,T90,13.43504994,0.000484555,0.463340295,4.242038569,2.78E-05,2.78E+01
SFPX6,F,P,X,6,8,38128000,2503771.666,280_28_1,280,28,T0,15.22822569,NA,0.472806231,8.302645533,3.32E-06,3.32E+00
SFPX7,F,P,X,7,10,20560000,1313468.255,280_28_1,280,28,T90,15.65321425,0.001242424,0.622875267,20.83722837,1.59E-05,1.59E+01
SFPX9,F,P,X,9,20,20800000,1588170.374,400_31_1,400,31,T0,13.09683164,NA,0.547206139,8.167593734,5.14E-06,5.14E+00
SFPZ1,F,S,Z,1,8,38544000,3736012.771,280_31_3,280,31,T0,10.31688122,NA,0.329556959,8.039763008,2.15E-06,2.15E+00
SFPZ10,F,S,Z,10,20,13640000,1435138.796,400_31_3,400,31,T30,9.504307204,0.000920353,0.263038636,5.424471126,3.78E-06,3.78E+00
SFPZ11,F,S,Z,11,9,3168000,382141.8082,400_31_3,400,31,T90,8.290116213,0.000336466,0.103134863,4.780555421,1.25E-05,1.25E+01
SFPZ12,F,S,Z,12,50,18200000,2048399.576,400_31_3,400,31,T60,8.884985239,0.001202741,NA,12.07884055,5.90E-06,5.90E+00
SFPZ13,F,S,Z,13,15,34380000,2469713.755,400_28_3,400,28,T90,13.92064158,NA,0.5297888,10.29184748,4.17E-06,4.17E+00
SFPZ17,F,S,Z,17,11.5,39560000,3208953.774,700_31_2,700,31,T0,12.32800557,NA,0.303171505,2.176352034,6.78E-07,6.78E-01
SFPZ18,F,S,Z,18,7,25704000,2304619.091,700_31_3,700,31,T30,11.15325309,0.000706553,0.172595384,3.01877127,1.31E-06,1.31E+00
SFPZ19,F,S,Z,19,14.5,12644000,1280460.889,700_31_3,700,31,T60,9.87456947,0.000720721,0.673025123,9.820588158,7.67E-06,7.67E+00
SFPZ20,F,S,Z,20,9,1062000,324110.1653,700_31_3,700,31,T90,3.276663658,0.000512276,0.072511587,2.152911206,1.98E-05,1.98E+01
SFPZ21,F,S,Z,21,15,26700000,2762978.977,700_28_3,700,28,T0,9.663482864,NA,0.388058845,2.667559964,9.65E-07,9.65E-01
SFPZ23,F,S,Z,23,6.5,1508000,133193.772,700_28_3,700,28,T30,11.3218507,0.000353487,0.08181083,1.998033767,1.50E-05,1.50E+01
SFPZ24,F,S,Z,24,9,11394000,1176590.834,700_28_3,700,28,T90,9.683910216,0.000545387,0.650563652,14.14265074,1.20E-05,1.20E+01
SFPZ25,F,S,Z,25,9,19440000,1629402.256,280_31_3,280,31,T90,11.93075555,NA,0.534333301,13.52229533,8.30E-06,8.30E+00
SFPZ27,F,S,Z,27,10,13060000,1388887.599,2800_31_3,2800,31,T60,9.403208735,0.000687337,0.691253399,9.678806732,6.97E-06,6.97E+00
SFPZ28,F,S,Z,28,4,7080000,590263.9655,2800_31_3,2800,31,T30,11.99463361,0.00077101,0.125055925,1.051168415,1.78E-06,1.78E+00
SFPZ3,F,S,Z,3,8,26592000,2545554.022,280_31_3,280,31,T30,10.44644889,0.000845041,0.389286992,6.832132213,2.68E-06,2.68E+00
SFPZ31,F,S,Z,31,17,45832000,5323328.826,2800_28_3,2800,28,T0,8.609650371,NA,0.185112047,3.055176327,5.74E-07,5.74E-01
SFPZ32,F,S,Z,32,10,11640000,1065863.94,2800_28_3,2800,28,T60,10.92071846,NA,0.648614224,10.05202729,9.43E-06,9.43E+00
SFPZ35,F,S,Z,35,13,11544000,1033579.624,400_31_3,400,31,T0,11.16895083,NA,0.853556747,4.537493339,4.39E-06,4.39E+00
SFPZ36,F,S,Z,36,9,3528000,287491.6236,400_28_3,400,28,T0,12.27166189,NA,0.446149841,3.529588771,1.23E-05,1.23E+01
SFPZ37,F,S,Z,37,12,23952000,2036714.207,2800_31_3,2800,31,T90,11.76011829,0.000663826,0.476185686,9.722242341,4.77E-06,4.77E+00
SFPZ39,F,S,Z,39,27,50760000,4588178.218,2800_31_3,2800,31,T0,11.06321455,NA,0.22574813,2.203251134,4.80E-07,4.80E-01
SFPZ42,F,S,Z,42,32.5,74620000,6154079.666,280_28_3,280,28,T60,12.1252899,NA,0.915785665,17.06555487,2.77E-06,2.77E+00
SFPZ43,F,S,Z,43,9,17856000,1468993.313,2800_28_3,2800,28,T90,12.15526296,0.000295539,0.357869675,7.429736429,5.06E-06,5.06E+00
SFPZ46,F,S,Z,46,12.5,17000000,2255146.194,400_28_3,400,28,T60,7.538313942,0.001162115,0.994917439,14.00402276,6.21E-06,6.21E+00
SFPZ48,F,S,Z,48,4.5,22491000,2601008.355,400_28_3,400,28,T30,8.647031049,0.000604707,0.464032103,4.68463219,1.80E-06,1.80E+00
SFPZ49,F,S,Z,49,9.5,6384000,738671.281,2800_28_3,2800,28,T30,8.64254529,0.0001917,0.549606608,6.188547263,8.38E-06,8.38E+00
SFPZ5,F,S,Z,5,9,28944000,3440907.86,280_28_3,280,28,T0,8.411733525,NA,0.427973614,3.356378316,9.75E-07,9.75E-01
SFPZ7,F,S,Z,7,9,23796000,2223569.773,280_28_3,280,28,T90,10.70171051,0.001287111,0.525616909,12.97784311,5.84E-06,5.84E+00
SFPZ8,F,S,Z,8,28,59808000,5636748.676,280_28_3,280,28,T30,10.61037194,0.000926039,0.63774076,8.098340045,1.44E-06,1.44E+00
SFSX1,F,S,X,1,7.5,6990000,634030.3104,280_31_1,280,31,T0,11.02470952,NA,0.476203023,2.513161907,3.96E-06,3.96E+00
SFSX10,F,S,X,10,9,14112000,1060157.516,400_31_1,400,31,T90,13.31122949,0.000835837,0.338060433,9.603728947,9.06E-06,9.06E+00
SFSX11,F,S,X,11,48.5,57792600,4954807.948,400_31_3,400,31,T30,11.66394351,0.001174739,0.337846715,7.667526848,1.55E-06,1.55E+00
SFSX12,F,S,X,12,54,24840000,2770078.395,400_31_1,400,31,T60,8.967255238,0.000867718,0.36884196,7.763570697,2.80E-06,2.80E+00
SFSX16,F,S,X,16,7,NA,NA,400_28_1,400,28,T0,11.47324092,NA,0.477923664,4.233740086,NA,NA
SFSX17,F,S,X,17,16,37760000,4007513.647,700_31_1,700,31,T60,9.422301038,0.000687321,1.103764352,31.08064567,7.76E-06,7.76E+00
SFSX18,F,S,X,18,8,21584000,2069924.415,700_31_1,700,31,T30,10.42743389,0.000834655,0.53065149,6.17190391,2.98E-06,2.98E+00
SFSX19,F,S,X,19,11.5,18262000,1770542.896,700_31_1,700,31,T90,10.3143505,0.000682121,0.511019413,11.05101092,6.24E-06,6.24E+00
SFSX2,F,S,X,2,8,11520000,1109572.045,280_31_1,280,31,T30,10.38238125,0.000334311,0.481585089,16.78881133,1.51E-05,1.51E+01
SFSX20,F,S,X,20,17,81056000,7458713.844,700_31_1,700,31,T0,10.86728915,NA,0.795199847,4.50208321,6.04E-07,6.04E-01
SFSX21,F,S,X,21,48,42816000,4285565.888,700_28_1,700,28,T0,9.990745941,NA,0.228211188,3.540287202,8.26E-07,8.26E-01
SFSX22,F,S,X,22,11.5,18193000,1450253.371,700_28_1,700,28,T90,12.54470451,0.000647166,0.702819796,12.52501084,8.64E-06,8.64E+00
SFSX23,F,S,X,23,55,38060000,4215404.615,700_28_1,700,28,T60,9.02878928,0.000614297,0.335039384,7.555280989,1.79E-06,1.79E+00
SFSX24,F,S,X,24,7,30576000,3356907.27,700_28_1,700,28,T30,9.108383861,0.000183803,0.403474431,3.157425119,9.41E-07,9.41E-01
SFSX25,F,S,X,25,30,28440000,2846658.498,2800_31_1,2800,31,T0,9.990660988,NA,0.292773421,2.615306438,9.19E-07,9.19E-01
SFSX26,F,S,X,26,9,24642000,2250298.235,2800_31_1,2800,31,T90,10.95054852,0.000566264,0.62325645,9.800451532,4.36E-06,4.36E+00
SFSX27,F,S,X,27,7,17402000,1476148.749,2800_31_1,2800,31,T60,11.78878484,0.000691015,0.509665196,7.288825877,4.94E-06,4.94E+00
SFSX28,F,S,X,28,4.5,10287000,1093998.52,2800_31_1,2800,31,T30,9.403120581,0.000550253,0.155533473,2.03275496,1.86E-06,1.86E+00
SFSX29,F,S,X,29,9,13590000,1413504.374,2800_28_1,2800,28,T0,9.614402511,NA,0.161476493,2.66293823,1.88E-06,1.88E+00
SFSX3,F,S,X,3,9,20988000,2044036.927,280_31_1,280,31,T90,10.26791626,0.00043545,0.628170296,13.62859576,6.67E-06,6.67E+00
SFSX30,F,S,X,30,21,28224000,2990743.671,2800_28_1,2800,28,T60,9.437117689,0.000240277,0.853014688,5.964804282,1.99E-06,1.99E+00
SFSX31,F,S,X,31,8.5,13124000,1232190.074,2800_28_1,2800,28,T90,10.65095416,0.000464908,0.545334554,7.688805975,6.24E-06,6.24E+00
SFSX32,F,S,X,32,11,42372000,3764448.753,2800_28_1,2800,28,T30,11.25583127,0.000378656,0.5456431,5.250284814,1.39E-06,1.39E+00
SFSX37,F,S,X,37,5,36900000,2881535.483,400_28_1,400,28,T30,12.80567261,0.000255781,0.367675598,4.998284898,1.73E-06,1.73E+00
SFSX39,F,S,X,39,15,41460000,4119219.315,400_28_1,400,28,T90,10.06501398,0.000632911,0.919025052,20.73304621,5.03E-06,5.03E+00
SFSX4,F,S,X,4,14,31052000,2644022.972,280_31_1,280,31,T60,11.74422474,0.000903685,0.735113089,11.60184882,4.39E-06,4.39E+00
SFSX40,F,S,X,40,12,10512000,1129231.53,400_28_1,400,28,T60,9.308985558,0.000790635,0.311526963,11.7170576,1.04E-05,1.04E+01
SFSX5,F,S,X,5,7.5,15390000,1397608.528,280_28_1,280,28,T0,11.01166721,NA,0.539200821,3.232760246,2.31E-06,2.31E+00
SFSX6,F,S,X,6,13,83200000,6375803.089,280_28_1,280,28,T30,13.0493365,0.001016598,0.747164425,5.079651366,7.97E-07,7.97E-01
SFSX8,F,S,X,8,9,24174000,2193452.821,280_28_1,280,28,T90,11.02098015,0.001064329,0.660104628,14.95678222,6.82E-06,6.82E+00
SFSX9,F,S,X,9,8,22544000,1634019.281,400_31_1,400,31,T0,13.79665482,NA,0.401063403,2.859823668,1.75E-06,1.75E+00
SFSY1,F,S,Y,1,7.5,21210000,1966066.854,280_31_2,280,31,T0,10.788036,NA,0.463476392,1.479209005,7.52E-07,7.52E-01
SFSY10,F,S,Y,10,10,28940000,2528292.784,400_31_2,400,31,T90,11.44645912,0.001392721,0.604262558,22.82683205,9.03E-06,9.03E+00
SFSY11,F,S,Y,11,8,14096000,1328121.055,400_31_2,400,31,T60,10.61349035,0.001356395,0.659537981,6.14632113,4.63E-06,4.63E+00
SFSY12,F,S,Y,12,8.5,22321000,2185286.924,400_31_2,400,31,T30,10.21421936,0.001235585,0.637999483,5.905868856,2.70E-06,2.70E+00
SFSY15,F,S,Y,15,9,38232000,4404023.538,400_28_2,400,28,T0,8.681152512,NA,0.371494453,2.605810688,5.92E-07,5.92E-01
SFSY17,F,S,Y,17,12,18288000,1993699.65,700_31_2,700,31,T0,9.172896227,NA,0.446968972,4.0146099,2.01E-06,2.01E+00
SFSY18,F,S,Y,18,10,14500000,1431441.143,700_31_2,700,31,T90,10.12965156,0.001218166,0.608773819,8.915449804,6.23E-06,6.23E+00
SFSY19,F,S,Y,19,60,NA,NA,700_31_2,700,31,T60,7.727034385,0.001258509,0.427071996,15.0009634,NA,NA
SFSY2,F,S,Y,2,13,36348000,3292184.162,280_31_2,280,31,T30,11.04069463,0.000764777,0.66722855,11.00695962,3.34E-06,3.34E+00
SFSY20,F,S,Y,20,6.5,34099000,3075081.949,700_31_2,700,31,T30,11.08881017,0.000667604,0.229585798,5.550763251,1.81E-06,1.81E+00
SFSY21,F,S,Y,21,18,59832000,6468420.033,700_28_2,700,28,T0,9.249863135,NA,0.762173439,2.540387858,3.93E-07,3.93E-01
SFSY22,F,S,Y,22,7.5,23700000,2248457.269,700_28_2,700,28,T60,10.54056056,0.001681521,0.587018116,10.23156211,4.55E-06,4.55E+00
SFSY23,F,S,Y,23,9,42642000,4045655.381,700_28_2,700,28,T30,10.54019584,0.000793687,0.533671299,5.257374803,1.30E-06,1.30E+00
SFSY24,F,S,Y,24,12,29664000,2600777.413,700_28_2,700,28,T90,11.40582037,0.001171629,0.815373178,21.5244491,8.28E-06,8.28E+00
SFSY25,F,S,Y,25,14.5,22562000,2032986.269,2800_31_2,2800,31,T0,11.09795986,NA,0.5879459,3.50784473,1.73E-06,1.73E+00
SFSY27,F,S,Y,27,10,7380000,677244.5353,2800_31_2,2800,31,T30,10.8970979,0.000612099,0.497074241,4.859892102,7.18E-06,7.18E+00
SFSY28,F,S,Y,28,9,5904000,602197.0252,2800_31_2,2800,31,T90,9.804100241,0.000822274,0.160647072,2.951255015,4.90E-06,4.90E+00
SFSY29,F,S,Y,29,20,63840000,5697338.912,2800_28_2,2800,28,T0,11.20523125,NA,0.72882625,3.239515473,5.69E-07,5.69E-01
SFSY30,F,S,Y,30,7.5,6705000,691565.1698,2800_28_2,2800,28,T30,9.69539863,0.00069911,0.302978775,0.014469751,2.09E-08,2.09E-02
SFSY32,F,S,Y,32,14.5,25346000,1959497.324,2800_28_2,2800,28,T90,12.93495005,0.000597759,0.831403803,12.33693207,6.30E-06,6.30E+00
SFSY35,F,S,Y,35,15.5,19964000,2929140.15,280_31_2,280,31,T60,6.815652027,NA,0.322175094,21.74101603,7.42E-06,7.42E+00
SFSY39,F,S,Y,39,16,70784000,5790051.336,400_28_2,400,28,T90,12.2251075,0.001297296,0.992492977,23.66801274,4.09E-06,4.09E+00
SFSY4,F,S,Y,4,8,16096000,2222646.626,280_31_2,280,31,T90,7.241816945,0.00111207,0.6444055,16.82936767,7.57E-06,7.57E+00
SFSY46,F,S,Y,46,10,15540000,1984592.049,400_28_2,400,28,T60,7.830324629,0.000931252,0.723682214,11.73497197,5.91E-06,5.91E+00
SFSY5,F,S,Y,5,7.5,45180000,4616809.347,280_28_2,280,28,T0,9.785979148,NA,0.549255207,2.311617433,5.01E-07,5.01E-01
SFSY54,F,S,Y,54,44,30624000,5349019.051,2800_28_2,2800,28,T60,5.725161887,0.000682039,0.518762623,9.862763904,1.84E-06,1.84E+00
SFSY6,F,S,X,6,22,28556000,2494477.456,280_28_2,280,28,T30,11.44768815,0.001361616,0.896833189,8.700837997,3.49E-06,3.49E+00
SFSY61,F,S,Y,61,9.5,31331000,2493449.607,400_28_2,400,28,T30,12.56532312,0.000665826,0.478831034,5.903332471,2.37E-06,2.37E+00
SFSY8,F,S,Y,8,10,28520000,2228197.835,280_28_2,280,28,T90,12.79958159,0.001171467,0.403659028,10.67264887,4.79E-06,4.79E+00
SFSY9,F,S,Y,9,9,59976000,4906239.321,400_31_2,400,31,T0,12.22443425,NA,0.52763178,3.026803469,6.17E-07,6.17E-01
SFSZ1,F,P,Z,1,8,15664000,1554460.379,280_31_3,280,31,T0,10.07680878,NA,0.787286283,13.85225849,8.91E-06,8.91E+00
SFSZ10,F,P,Z,10,9,54000,4195.491754,400_31_3,400,31,T90,12.87095844,0.000387505,0.104887294,1.90742594,0.000454637,4.55E+02
SFSZ11,F,P,Z,11,5,11320000,1105763.806,400_31_3,400,31,T30,10.23726761,0.001116187,0.419219935,4.607854536,4.17E-06,4.17E+00
SFSZ12,F,P,Z,12,5,240000,18535.53443,400_31_3,400,31,T60,12.94810252,0.000680729,0.040063785,10.04912649,0.000542155,5.42E+02
SFSZ17,F,P,Z,17,14.5,17690000,1607450.855,700_31_2,700,31,T0,11.00500208,NA,0.691730901,11.34541539,7.06E-06,7.06E+00
SFSZ18,F,P,Z,18,10,10340000,1076827.168,700_31_2,700,31,T60,9.60228373,0.000854231,0.572780409,6.537911372,6.07E-06,6.07E+00
SFSZ19,F,P,Z,19,11,814000,76349.71062,700_31_3,700,31,T90,10.66146804,0.000403407,0.378309377,2.042843435,2.68E-05,2.68E+01
SFSZ2,F,P,Z,2,9,342000,32679.46842,280_31_3,280,31,T90,10.46528651,0.000835665,0.200663403,3.284244533,0.000100499,1.00E+02
SFSZ20,F,P,Z,20,9,18198000,1490129.36,700_31_3,700,31,T30,12.21236255,0.000851064,0.528153334,8.414502891,5.65E-06,5.65E+00
SFSZ21,F,P,Z,21,19,72352000,6256794.698,700_28_3,700,28,T0,11.56374845,NA,1.136453869,20.13863247,3.22E-06,3.22E+00
SFSZ22,F,P,Z,22,9,14220000,1131611.153,700_28_3,700,28,T30,12.56615398,0.00073863,0.471504647,9.252129184,8.18E-06,8.18E+00
SFSZ23,F,P,Z,23,20,NA,NA,700_28_3,700,28,T60,12.92202173,0.00127813,1.199502704,22.12012997,NA,NA
SFSZ24,F,P,Z,24,10,22360000,1961369.666,700_28_3,700,28,T90,11.4001967,0.00124598,0.723671724,27.22647759,1.39E-05,1.39E+01
SFSZ25,F,P,Z,25,17.5,28525000,2502377.728,2800_31_3,2800,31,T0,11.39915836,NA,0.754807188,14.82978257,5.93E-06,5.93E+00
SFSZ26,F,P,Z,26,7,658000,68536.20549,2800_31_3,2800,31,T60,9.600764957,0.000612031,0.668349522,3.579981403,5.22E-05,5.22E+01
SFSZ27,F,P,Z,27,9,162000,16719.92686,2800_31_3,2800,31,T90,9.6890376,0.000306755,0.074310786,1.056969786,6.32E-05,6.32E+01
SFSZ28,F,P,Z,28,8,3376000,343324.6887,2800_31_3,2800,31,T30,9.833257295,0.000631326,0.562716216,8.684845462,2.53E-05,2.53E+01
SFSZ29,F,P,Z,29,19.5,41769000,4053070.527,2800_28_3,2800,28,T0,10.30552015,NA,1.245691611,16.84596191,4.16E-06,4.16E+00
SFSZ3,F,P,Z,3,8,2448000,239393.7316,280_31_3,280,31,T60,10.22583166,0.001000302,0.593268779,7.065275704,2.95E-05,2.95E+01
SFSZ30,F,P,Z,30,21,9744000,868044.6154,2800_28_3,2800,28,T60,11.22522947,0.000924175,0.873033378,11.79457403,1.36E-05,1.36E+01
SFSZ31,F,P,Z,31,16,34240000,2275505.066,2800_28_3,2800,28,T90,15.04720886,0.000972038,0.779768091,15.26672502,6.71E-06,6.71E+00
SFSZ33,F,P,Z,33,9,19260000,1613079.113,400_28_2,400,28,T0,11.93989796,NA,0.659553376,9.120560361,5.65E-06,5.65E+00
SFSZ35,F,P,Z,35,10,6420000,691554.2875,400_31_2,400,31,T0,9.283436045,NA,0.727101471,8.726975616,1.26E-05,1.26E+01
SFSZ36,F,P,Z,36,7.5,10380000,1048348.949,280_31_2,280,31,T0,9.901283355,NA,0.599669738,6.393611588,6.10E-06,6.10E+00
SFSZ38,F,P,Z,38,12,18264000,1212641.272,280_28_2,280,28,T0,15.06133794,NA,0.902974228,8.61586139,7.11E-06,7.11E+00
SFSZ39,F,P,Z,39,28,18256000,1349814.824,400_28_3,400,28,T0,13.52481813,NA,0.293287986,9.854003119,7.30E-06,7.30E+00
SFSZ4,F,P,Z,4,5.5,37279000,3098518.272,280_31_3,280,31,T30,12.03123452,0.00104463,0.396190986,6.544352523,2.11E-06,2.11E+00
SFSZ40,F,P,Z,40,5.5,1760000,223739.4814,400_28_3,400,28,T30,7.866291586,3.35E-05,0.477777018,0.911766354,4.08E-06,4.08E+00
SFSZ41,F,P,Z,41,10,3780000,965839.4121,400_28_3,400,28,T90,3.913694091,0.000121989,0.787831972,9.633456045,9.97E-06,9.97E+00
SFSZ42,F,P,Z,42,6.5,12597000,1190853.453,2800_28_3,2800,28,T30,10.57812779,0.000119714,0.179222011,4.50910794,3.79E-06,3.79E+00
SFSZ44,F,P,Z,44,2,2768000,400981.4231,400_28_3,400,28,T60,6.903062936,0.000285972,0.183493426,1.930644429,4.81E-06,4.81E+00
SFSZ5,F,P,Z,5,9,11754000,1122335.147,280_28_3,280,28,T0,10.47280755,NA,0.730463151,12.22335075,1.09E-05,1.09E+01
SFSZ6,F,P,Z,6,6,31212000,2521606.147,280_28_3,280,28,T30,12.37782516,0.001889832,0.763462069,17.99243382,7.14E-06,7.14E+00
SFSZ7,F,P,Z,7,14,18620000,1707133.876,280_28_3,280,28,T60,10.90717035,0.001316587,0.823617221,19.93609643,1.17E-05,1.17E+01
SFSZ8,F,P,Z,8,15,74220000,5643196.124,280_28_3,280,28,T90,13.15212131,0.00183145,0.978929535,36.39966426,6.45E-06,6.45E+00
SFSZ9,F,P,Z,9,11,17160000,1645362.955,400_31_3,400,31,T0,10.42930981,NA,0.905301199,13.06459608,7.94E-06,7.94E+00
SNPX1,N,P,X,1,7.5,15525000,1186903.275,280_31_1,280,31,T0,13.08025711,NA,0.630721547,9.371118545,7.90E-06,7.90E+00
SNPX10,N,P,X,10,12,1776000,108230.0645,400_31_1,400,31,T90,16.40948851,0.000630872,0.688625974,2.190732513,2.02E-05,2.02E+01
SNPX11,N,P,X,11,13,10478000,707739.5999,400_31_3,400,31,T30,14.80488021,0.003340735,0.658566625,10.89716348,1.54E-05,1.54E+01
SNPX12,N,P,X,12,8,4080000,332551.2868,400_31_1,400,31,T60,12.26878428,0.00085613,0.657495191,7.375283316,2.22E-05,2.22E+01
SNPX13,N,P,X,13,10,15100000,1252859.039,400_28_1,400,28,T0,12.0524333,NA,0.725994476,14.84075419,1.18E-05,1.18E+01
SNPX17,N,P,X,17,40,42400000,3717649.968,700_31_1,700,31,T0,11.40505437,NA,0.377025822,10.31705384,2.78E-06,2.78E+00
SNPX18,N,P,X,18,12,24432000,1944893.367,700_31_1,700,31,T60,12.56212829,0.00158916,0.931370841,12.07489658,6.21E-06,6.21E+00
SNPX19,N,P,X,19,9,7848000,632318.2379,700_31_1,700,31,T90,12.41147183,0.000928376,0.80369195,4.125628345,6.52E-06,6.52E+00
SNPX20,N,P,X,20,10,9320000,729892.1364,700_31_1,700,31,T30,12.76901002,0.001222359,0.672200376,3.501978614,4.80E-06,4.80E+00
SNPX21,N,P,X,21,37,102860000,8176380.532,700_28_1,700,28,T0,12.58013856,NA,1.127438563,10.17578617,1.24E-06,1.24E+00
SNPX22,N,P,X,22,11,19404000,1534549.074,700_28_1,700,28,T30,12.6447569,0.001869782,0.68144186,19.13811407,1.25E-05,1.25E+01
SNPX23,N,P,X,23,12,30360000,1727362.894,700_28_1,700,28,T90,17.57592461,0.001504612,0.859129766,13.86842544,8.03E-06,8.03E+00
SNPX24,N,P,X,24,82,53792000,4021670.508,700_28_1,700,28,T60,13.37553633,0.001362187,0.561971235,18.7480183,4.66E-06,4.66E+00
SNPX25,N,P,X,25,37.5,22500000,1371315.369,2800_31_1,2800,31,T0,16.40760434,NA,0.145702258,9.04181725,6.59E-06,6.59E+00
SNPX26,N,P,X,26,17.5,14980000,972588.048,2800_31_1,2800,31,T90,15.40220449,0.000964383,0.795340693,3.267604974,3.36E-06,3.36E+00
SNPX27,N,P,X,27,12,2736000,188634.2382,2800_31_1,2800,31,T30,14.50425981,0.00124006,0.861815781,12.93655812,6.86E-05,6.86E+01
SNPX28,N,P,X,28,27.5,8470000,509727.1009,2800_31_1,2800,31,T60,16.61673469,0.001044059,0.262035036,3.756945101,7.37E-06,7.37E+00
SNPX29,N,P,X,29,31,58652000,5855960.902,2800_28_1,2800,28,T0,10.01577725,NA,0.515852793,9.034322321,1.54E-06,1.54E+00
SNPX3,N,P,X,3,8,17872000,1272331.782,400_28_1,400,28,T90,14.04665061,0.001485642,0.52681598,21.84720106,1.72E-05,1.72E+01
SNPX30,N,P,X,30,18,71136000,5254597.037,2800_28_1,2800,28,T60,13.53786018,0.001471881,0.642642182,19.94808606,3.80E-06,3.80E+00
SNPX32,N,P,X,32,9.5,16948000,1064152.761,2800_28_1,2800,28,T30,15.92628486,0.000222076,0.63626473,7.509316896,7.06E-06,7.06E+00
SNPX39,N,P,X,39,7.5,17970000,979360.3804,2800_28_1,2800,28,T90,18.3487104,0.001111648,0.592684704,14.14447088,1.44E-05,1.44E+01
SNPX4,N,P,X,4,11,14124000,1837352.182,400_28_1,400,28,T30,7.687149005,0.001075763,1.32363767,29.42760702,1.60E-05,1.60E+01
SNPX5,N,P,X,5,10,11760000,1039245.433,280_28_1,280,28,T0,11.3159025,NA,0.692241147,12.38192358,1.19E-05,1.19E+01
SNPX6,N,P,X,6,17.5,50050000,2872149.867,280_28_1,280,28,T90,17.4259709,0.001987795,0.987510735,31.59826233,1.10E-05,1.10E+01
SNPX7,N,P,X,7,15,NA,NA,280_28_1,280,28,T60,9.799311521,0.001664341,0.880163875,29.70592366,NA,NA
SNPX8,N,P,X,8,26,99736000,7837289.87,280_28_1,280,28,T30,12.72582763,0.002321146,1.345033672,22.32335752,2.85E-06,2.85E+00
SNPX9,N,P,X,9,9,NA,NA,400_31_1,400,31,T0,14.97505892,NA,NA,NA,NA,NA
SNPY1,N,P,Y,1,7.5,29910000,2876630.988,280_31_2,280,31,T0,10.39757971,NA,0.715310698,10.6421074,3.70E-06,3.70E+00
SNPY10,N,P,Y,10,7.5,2685000,252116.1611,400_31_2,400,31,T30,10.64985278,0.001462185,0.627942952,13.1892302,5.23E-05,5.23E+01
SNPY11,N,P,Y,11,8.5,3485000,386055.1635,400_31_2,400,31,T60,9.027207326,0.000549461,0.776818317,22.72809216,5.89E-05,5.89E+01
SNPY12,N,P,Y,12,10,17180000,1458400.856,400_31_2,400,31,T90,11.780026,0.001303653,0.721560377,13.39759352,9.19E-06,9.19E+00
SNPY13,N,P,Y,13,9.5,17195000,1619251.478,400_28_2,400,28,T0,10.61910409,NA,0.849883373,11.77422115,7.27E-06,7.27E+00
SNPY17,N,P,Y,17,26,12064000,1355152.597,700_31_2,700,31,T0,8.902318474,NA,0.365073437,15.56160908,1.15E-05,1.15E+01
SNPY18,N,P,Y,18,11,5302000,403523.1659,700_31_2,700,31,T30,13.13927043,0.001185413,0.941833115,14.81433852,3.67E-05,3.67E+01
SNPY19,N,P,Y,19,11,21428000,2048924.462,700_31_2,700,31,T60,10.45816983,0.001132179,0.850212495,16.09704209,7.86E-06,7.86E+00
SNPY2,N,P,Y,2,27.5,45870000,3482080.268,280_31_2,280,31,T30,13.17315985,0.00116253,0.956806628,NA,NA,NA
SNPY20,N,P,Y,20,8.5,22814000,1658622.419,700_31_2,700,31,T90,13.75478815,0.001451987,0.736410227,17.46615051,1.05E-05,1.05E+01
SNPY21,N,P,Y,21,21,44604000,5116223.818,700_28_2,700,28,T0,8.718148695,NA,1.003653448,9.493978928,1.86E-06,1.86E+00
SNPY22,N,P,Y,22,12,25032000,2268823.239,700_28_2,700,28,T60,11.03303227,0.001289796,0.842923303,14.94044393,6.59E-06,6.59E+00
SNPY23,N,P,Y,23,10,6240000,639288.0622,700_28_2,700,28,T30,9.760858005,0.001791346,0.887900086,1.352812426,2.12E-06,2.12E+00
SNPY24,N,P,Y,24,9,7218000,545891.0288,700_28_2,700,28,T90,13.22241916,0.001810558,0.709023053,16.57790434,3.04E-05,3.04E+01
SNPY26,N,P,Y,26,30,6360000,508102.2015,2800_31_2,2800,31,T90,12.51716679,0.001287905,0.938710828,19.1930973,3.78E-05,3.78E+01
SNPY27,N,P,Y,27,14,1988000,214117.1559,2800_31_2,2800,31,T60,9.284636684,0.000835401,1.130900471,10.29347763,4.81E-05,4.81E+01
SNPY28,N,P,Y,28,9.5,11875000,1331164.233,2800_31_2,2800,31,T30,8.920762525,0.002915712,0.709954257,3.400749646,2.55E-06,2.55E+00
SNPY29,N,P,Y,29,7.5,8730000,1188495.158,2800_28_2,2800,28,T0,7.34542328,NA,0.774291662,9.644841053,8.12E-06,8.12E+00
SNPY3,N,P,Y,3,11,11176000,1279581.445,400_28_2,400,28,T30,8.734106021,0.003140225,0.514267477,13.89370815,1.09E-05,1.09E+01
SNPY30,N,P,Y,30,15,31500000,3468320.041,2800_28_2,2800,28,T60,9.08220684,0.000798885,1.4726597,18.53575931,5.34E-06,5.34E+00
SNPY31,N,P,Y,31,21,14700000,1221888.674,2800_28_2,2800,28,T90,12.03055591,0.001732074,1.381897905,16.76265017,1.37E-05,1.37E+01
SNPY32,N,P,Y,32,10,21840000,1749887.312,2800_28_2,2800,28,T30,12.48080368,0.001539512,0.767845852,9.779062564,5.59E-06,5.59E+00
SNPY33,N,P,Y,33,14,17164000,2081953.547,2800_31_2,2800,31,T0,8.244180101,NA,0.820781034,12.57102086,6.04E-06,6.04E+00
SNPY4,N,P,Y,4,24,30240000,2341811.418,400_28_2,400,28,T90,12.91308077,0.001352577,0.16959547,31.50566524,1.35E-05,1.35E+01
SNPY5,N,P,Y,5,11.5,7705000,693642.4959,280_28_2,280,28,T0,11.10802762,NA,1.026659913,12.36104957,1.78E-05,1.78E+01
SNPY6,N,P,Y,6,14,9940000,716025.3178,280_28_2,280,28,T90,13.88219069,0.001893362,1.00008231,NA,NA,NA
SNPY7,N,P,Y,7,7.5,33210000,2851864.057,280_28_2,280,28,T30,11.6450151,0.002786127,0.606482683,10.66163324,3.74E-06,3.74E+00
SNPY8,N,P,Y,8,7.5,6855000,735194.7328,280_28_2,280,28,T60,9.324060272,0.002107396,0.710527368,14.10544293,1.92E-05,1.92E+01
SNPY9,N,P,Y,9,8,5280000,518346.0636,400_31_2,400,31,T0,10.186245,NA,0.628298259,11.0006229,2.12E-05,2.12E+01
SNPZ1,N,P,Z,1,7.5,NA,NA,280_31_3,280,31,T0,11.63327755,NA,0.558741934,13.71733798,NA,NA
SNPZ10,N,P,Z,10,9,6570000,580867.7384,400_31_3,400,31,T90,11.31066431,0.001563815,0.52384191,6.062045349,1.04E-05,1.04E+01
SNPZ11,N,P,Z,11,12,26256000,2604663.915,400_31_3,400,31,T30,10.08037922,0.003119152,0.575375179,10.73343747,4.12E-06,4.12E+00
SNPZ12,N,P,Z,12,9,8190000,661081.4139,400_31_3,400,31,T60,12.3887918,0.003220347,0.387446983,8.422064208,1.27E-05,1.27E+01
SNPZ16,N,P,Z,16,9,38520000,3432595.838,400_28_3,400,28,T0,11.22182798,NA,0.327486752,15.45479403,4.50E-06,4.50E+00
SNPZ17,N,P,Z,17,13,54938000,4704844.707,700_31_2,700,31,T0,11.67689975,NA,0.649430371,12.96026199,2.75E-06,2.75E+00
SNPZ18,N,P,Z,18,7,6916000,551466.8799,700_31_3,700,31,T30,12.54109767,0.003141136,0.311642046,5.704993447,1.03E-05,1.03E+01
SNPZ19,N,P,Z,19,9,8100000,677031.9215,700_31_3,700,31,T90,11.96398536,0.001664215,0.376128845,6.844969924,1.01E-05,1.01E+01
SNPZ2,N,P,Z,2,11.5,14835000,1070553.118,280_31_3,280,31,T90,13.85732268,0.002615773,0.622414603,14.78066757,1.38E-05,1.38E+01
SNPZ20,N,P,Z,20,7.5,11340000,1031939.541,700_31_3,700,31,T60,10.98901588,0.000938364,0.381062331,6.159692621,5.97E-06,5.97E+00
SNPZ21,N,P,Z,21,7,16310000,1469613.681,700_28_3,700,28,T0,11.09815471,NA,0.683296776,18.48696521,1.26E-05,1.26E+01
SNPZ22,N,P,Z,22,9,23166000,1746870.629,700_28_3,700,28,T90,13.26142853,0.002236943,0.288430465,14.14894327,8.10E-06,8.10E+00
SNPZ23,N,P,Z,23,7,16450000,1422033.727,700_28_3,700,28,T30,11.56793941,0.001777482,0.640419444,13.44615618,9.46E-06,9.46E+00
SNPZ24,N,P,Z,24,17,7038000,538597.9771,700_28_3,700,28,T60,13.06726037,0.004172423,0.737211402,25.76601296,4.78E-05,4.78E+01
SNPZ25,N,P,Z,25,9.5,NA,NA,2800_31_3,2800,31,T0,12.58377651,NA,NA,NA,NA,NA
SNPZ26,N,P,Z,26,9,14130000,1154315.32,2800_31_3,2800,31,T60,12.24102267,0.002360346,0.508535942,7.434986638,6.44E-06,6.44E+00
SNPZ27,N,P,Z,27,12,3264000,233790.0408,2800_31_3,2800,31,T90,13.96124484,0.001023416,0.487062585,3.680221971,1.57E-05,1.57E+01
SNPZ28,N,P,Z,28,8,15872000,1284989.738,2800_31_3,2800,31,T30,12.35184962,0.002076693,0.458770698,7.623823389,5.93E-06,5.93E+00
SNPZ29,N,P,Z,29,37,150812000,12694227.41,2800_28_3,2800,28,T0,11.88036067,NA,1.038127855,20.6646925,1.63E-06,1.63E+00
SNPZ3,N,P,Z,3,10,54220000,4646711.111,280_31_3,280,31,T30,11.66846802,0.002272228,0.714175444,21.34052213,4.59E-06,4.59E+00
SNPZ30,N,P,Z,30,9,14850000,1069882.479,2800_28_3,2800,28,T90,13.88002915,0.001313641,0.416065409,11.0673658,1.03E-05,1.03E+01
SNPZ31,N,P,Z,31,10,23540000,1919656.404,2800_28_3,2800,28,T30,12.26261114,0.002306086,0.733938302,26.31269934,1.37E-05,1.37E+01
SNPZ32,N,P,Z,32,4.5,5535000,735450.2551,2800_28_3,2800,28,T60,7.526001877,0.001099716,0.468376179,4.799913764,6.53E-06,6.53E+00
SNPZ35/SNPZ38,N,P,Z,35,8.5,5474000,436809.2908,400_28_3,400,28,T30,12.53178473,0.000364469,0.525663355,3.400352059,7.78E-06,7.78E+00
SNPZ39,N,P,Z,39,5,310000,38566.76767,280_31_2,280,31,T60,8.038008336,NA,0.196980803,4.755964214,0.000123318,1.23E+02
SNPZ4,N,P,Z,4,27.5,38060000,3424875.43,280_31_3,280,31,T60,11.11281294,0.002756348,0.14435289,13.33408569,3.89E-06,3.89E+00
SNPZ43,N,P,Z,43,5,1500000,213828.808,400_28_3,400,28,T60,7.014957498,-0.001322792,0.326682901,3.349733766,1.57E-05,1.57E+01
SNPZ46,N,P,Z,46,9,17622000,1968610.346,400_28_3,400,28,T90,8.95149212,1.89E-05,0.318382674,13.75220112,6.99E-06,6.99E+00
SNPZ5,N,P,Z,5,10,26900000,2437684.521,280_28_3,280,28,T0,11.03506207,NA,0.747617,17.48028228,7.17E-06,7.17E+00
SNPZ6,N,P,Z,6,18,80424000,6162067.203,280_28_3,280,28,T30,13.05146428,0.004109697,1.01138077,16.79505037,2.73E-06,2.73E+00
SNPZ7,N,P,Z,7,8.5,13362000,1004809.952,280_28_3,280,28,T90,13.29803709,0.002930096,0.665825085,20.83531563,2.07E-05,2.07E+01
SNPZ8,N,P,Z,8,12,17616000,1437577.873,280_28_3,280,28,T60,12.25394487,0.002146307,0.661011624,12.73633933,8.86E-06,8.86E+00
SNPZ9,N,P,Z,9,7.5,16980000,1749613.857,400_31_3,400,31,T0,9.704998581,NA,0.528078387,11.45577087,6.55E-06,6.55E+00
SNSX1,N,S,X,1,24,62592000,6974228.817,280_31_1,280,31,T0,8.974755724,NA,0.401125124,NA,NA,NA
SNSX10,N,S,X,10,10,12980000,1147926.041,400_31_1,400,31,T60,11.30734868,0.000503083,0.552737885,11.01103393,9.59E-06,9.59E+00
SNSX11,N,S,X,11,4,7440000,692263.2523,400_31_1,400,31,T30,10.74735655,0.001290218,0.322559938,2.104837584,3.04E-06,3.04E+00
SNSX12,N,S,X,12,9,4662000,567068.1577,400_31_1,400,31,T90,8.221233968,0.000828558,0.264558825,6.932292673,1.22E-05,1.22E+01
SNSX13,N,S,X,13,9,33858000,3101716.357,400_28_1,400,28,T0,10.91589175,NA,0.584010921,4.321391332,1.39E-06,1.39E+00
SNSX17,N,S,X,17,35,27020000,2758199.688,700_31_1,700,31,T0,9.796245036,NA,0.24562983,3.329536969,1.21E-06,1.21E+00
SNSX18,N,S,X,18,9.5,32452000,2823598.827,700_31_1,700,31,T30,11.49313411,0.001050635,0.406402056,3.905998099,1.38E-06,1.38E+00
SNSX19,N,S,X,19,26,39000000,2982693.913,700_31_1,700,31,T90,13.07542816,0.001323425,0.695961913,11.96298263,4.01E-06,4.01E+00
SNSX2,N,S,X,2,7.5,7290000,1197489.708,280_31_1,280,31,T90,6.087734992,0.000593032,0.615992648,18.20505001,1.52E-05,1.52E+01
SNSX20,N,S,X,20,7.5,10995000,1060587.76,700_31_1,700,31,T60,10.36689316,0.00123535,0.518477418,5.396008149,5.09E-06,5.09E+00
SNSX21,N,S,X,21,18,10872000,1144718.218,700_28_1,700,28,T0,9.497533826,NA,0.135035055,1.975620234,1.73E-06,1.73E+00
SNSX22,N,S,X,22,11.5,10695000,945909.5177,700_28_1,700,28,T90,11.30657827,0.001559632,0.491601721,9.957134448,1.05E-05,1.05E+01
SNSX23,N,S,X,23,9,NA,NA,700_28_1,700,28,T30,10.53825664,0.001209169,0.548003355,5.058658353,NA,NA
SNSX24,N,S,X,24,23,42780000,4818661.989,700_28_1,700,28,T60,8.877983162,0.000923601,1.101038358,10.13289599,2.10E-06,2.10E+00
SNSX25,N,S,X,25,21.5,41452000,3700401.493,2800_31_1,2800,31,T0,11.20202769,NA,0.172736584,1.291480471,3.49E-07,3.49E-01
SNSX26,N,S,X,26,13,10036000,823096.6869,2800_31_1,2800,31,T60,12.19297825,0.000499207,0.630827556,3.969445284,4.82E-06,4.82E+00
SNSX27,N,S,X,27,4,1696000,173776.8647,2800_31_1,2800,31,T30,9.759642072,0.000855898,0.283480341,1.688979973,9.72E-06,9.72E+00
SNSX28,N,S,X,28,21.5,11524000,1050516.688,2800_31_1,2800,31,T90,10.96984002,0.000361593,0.326653199,4.042370712,3.85E-06,3.85E+00
SNSX29,N,S,X,29,17,44064000,4051086.33,2800_28_1,2800,28,T0,10.87708244,NA,0.677264947,3.176028147,7.84E-07,7.84E-01
SNSX3,N,S,X,3,4,36240000,3480718.577,280_31_1,280,31,T30,10.41164323,0.00161743,0.445014608,5.15386081,1.48E-06,1.48E+00
SNSX30,N,S,X,30,9,7254000,804722.5399,2800_28_1,2800,28,T90,9.014287087,0.000133135,0.341125146,6.069511595,7.54E-06,7.54E+00
SNSX31,N,S,X,31,9,14022000,1526842.224,2800_28_1,2800,28,T60,9.183660091,0.000248692,0.677834321,7.809766399,5.11E-06,5.11E+00
SNSX32,N,S,X,32,9,9720000,1122590.542,2800_28_1,2800,28,T30,8.658544355,0.000463851,0.251196958,3.078429688,2.74E-06,2.74E+00
SNSX37,N,S,X,37,15,13650000,1276556.489,400_28_1,400,28,T60,10.6928288,0.000907157,0.420842799,8.11788925,6.36E-06,6.36E+00
SNSX4,N,S,X,4,10.5,33999000,3566240.281,280_31_1,280,31,T60,9.533569619,0.00112185,0.816850384,16.22346363,4.55E-06,4.55E+00
SNSX40,N,S,X,40,7,34958000,3617578.053,400_28_1,400,28,T30,9.663371319,0.000515412,0.543288654,5.897734664,1.63E-06,1.63E+00
SNSX5,N,S,X,5,7.5,27135000,2769938.098,280_28_1,280,28,T0,9.796247799,NA,0.561439452,2.899918477,1.05E-06,1.05E+00
SNSX6,N,S,X,6,12.5,11650000,1200416.392,280_28_1,280,28,T60,9.704965771,0.001518356,0.558133516,8.311786142,6.92E-06,6.92E+00
SNSX7,N,S,X,7,26,76960000,7375529.788,280_28_1,280,28,T30,10.43450467,0.001585748,0.892871005,6.117304273,8.29E-07,8.29E-01
SNSX8,N,S,X,8,10,23200000,1624165.577,280_28_1,280,28,T90,14.28425791,0.001424639,0.560057096,12.52198057,7.71E-06,7.71E+00
SNSX9,N,S,X,9,18,65016000,6643221.676,400_31_1,400,31,T0,9.786817778,NA,0.444475426,4.067381339,6.12E-07,6.12E-01
SNSY1,N,S,Y,1,8,11376000,1432268.003,400_31_2,400,31,T60,7.942647586,NA,0.629513011,15.65350076,1.09E-05,1.09E+01
SNSY11,N,S,Y,11,11.5,24081000,1929425.174,400_31_2,400,31,T90,12.48091936,0.00061673,0.491416791,12.78572479,6.63E-06,6.63E+00
SNSY13,N,S,Y,13,9,18846000,1628732.544,400_28_2,400,28,T0,11.57096054,NA,0.55094821,3.379605337,2.07E-06,2.07E+00
SNSY14,N,S,Y,14,14,30240000,2789433.98,400_28_2,400,28,T90,10.84090902,0.000846804,NA,13.17718281,4.72E-06,4.72E+00
SNSY15,N,S,Y,15,12,24864000,2604379.955,400_28_2,400,28,T60,9.546994076,0.000751971,0.670368071,10.26775959,3.94E-06,3.94E+00
SNSY17,N,S,Y,17,11,25498000,3242447.069,700_31_2,700,31,T0,7.863813799,NA,0.582838487,3.545638378,1.09E-06,1.09E+00
SNSY18,N,S,Y,18,5,7600000,633937.6555,700_31_2,700,31,T30,11.9885606,0.00106654,0.063602298,3.452037436,5.45E-06,5.45E+00
SNSY19,N,S,Y,19,8,35760000,3714739.084,700_31_2,700,31,T60,9.626517285,0.001321373,0.588651794,13.44366568,3.62E-06,3.62E+00
SNSY2,N,S,Y,2,40,63840000,6907787.177,280_31_2,280,31,T30,9.241743899,0.000862459,0.541023432,27.87394271,4.04E-06,4.04E+00
SNSY20,N,S,Y,20,13,27430000,2200513.572,700_31_2,700,31,T90,12.4652719,0.001195271,0.617047645,11.07142476,5.03E-06,5.03E+00
SNSY21,N,S,Y,21,10,34640000,3731291.122,700_28_2,700,28,T0,9.283649778,NA,0.175038917,4.9867284,1.34E-06,1.34E+00
SNSY22,N,S,Y,22,11,27016000,2336357.642,700_28_2,700,28,T90,11.56329815,0.001172942,0.491497604,14.26744237,6.11E-06,6.11E+00
SNSY23,N,S,Y,23,17.5,27580000,3378828.293,700_28_2,700,28,T60,8.162592949,0.001029954,0.464517426,12.78260482,3.78E-06,3.78E+00
SNSY24,N,S,Y,24,8,22704000,2766033.752,700_28_2,700,28,T30,8.208142791,0.000182537,0.487320957,5.896505608,2.13E-06,2.13E+00
SNSY25,N,S,Y,25,20,15600000,1951596.947,2800_31_2,2800,31,T0,7.993453783,NA,0.215801585,4.036583043,2.07E-06,2.07E+00
SNSY26,N,S,Y,26,12.5,39075000,3256540.381,2800_31_2,2800,31,T60,11.99892998,0.000882332,0.75527568,6.09430342,1.87E-06,1.87E+00
SNSY27,N,S,Y,27,4,8216000,826106.742,400_31_2,400,31,T30,9.945446009,NA,0.335161775,NA,NA,NA
SNSY28,N,S,Y,28,8,38048000,3692237.593,2800_31_2,2800,31,T30,10.30486231,0.000484236,0.388166273,2.739770718,7.42E-07,7.42E-01
SNSY29,N,S,Y,29,14,28392000,3234462.624,2800_28_2,2800,28,T0,8.777965091,NA,0.257178056,2.83677592,8.77E-07,8.77E-01
SNSY3,N,S,Y,3,9,10080000,2954661.582,280_31_2,280,31,T90,3.411558218,0.000129505,0.168178282,10.58875672,3.58E-06,3.58E+00
SNSY30,N,S,Y,30,10,21580000,2185185.665,2800_28_2,2800,28,T30,9.875591052,0.000564672,0.531613751,5.202775179,2.38E-06,2.38E+00
SNSY31,N,S,Y,31,10,16780000,2218001.887,2800_28_2,2800,28,T60,7.565367773,0.000322581,0.991359604,9.248544433,4.17E-06,4.17E+00
SNSY32,N,S,Y,32,23,58052000,5294519.318,2800_28_2,2800,28,T90,10.96454588,0.000870532,1.136237968,9.532046389,1.80E-06,1.80E+00
SNSY33,N,S,Y,33,10.5,7665000,725559.0159,280_31_2,280,31,T0,10.56426815,NA,0.306457575,1.676534499,2.31E-06,2.31E+00
SNSY37,N,S,Y,37,22,21912000,2104832.927,400_31_2,400,31,T0,10.41032745,NA,0.405046497,4.463874958,2.12E-06,2.12E+00
SNSY39,N,S,Y,39,32.5,38870000,4106161.479,400_28_2,400,28,T30,9.466261909,0.000255686,0.313283641,7.632191111,1.86E-06,1.86E+00
SNSY4,N,S,Y,4,25,69200000,5516070.036,280_31_2,280,31,T60,12.54516341,0.000750062,0.498199967,12.58046586,2.28E-06,2.28E+00
SNSY40,N,S,Y,40,17.5,38430000,4002636.385,2800_31_2,2800,31,T90,9.601171904,0.000361617,0.622753839,11.48833091,2.87E-06,2.87E+00
SNSY5,N,S,Y,5,10,43300000,4752004.979,280_28_2,280,28,T0,9.111943316,NA,0.365820245,2.732800143,5.75E-07,5.75E-01
SNSY6,N,S,Y,6,9,21168000,2091283.469,280_28_2,280,28,T90,10.12201374,0.001211096,0.392708418,15.93864661,7.62E-06,7.62E+00
SNSY7,N,S,Y,7,65.5,41658000,4558056.598,280_28_2,280,28,T60,9.139421396,0.000684479,0.349379338,8.979614403,1.97E-06,1.97E+00
SNSY8,N,S,Y,8,45,59400000,4895588.306,280_28_2,280,28,T30,12.13337321,0.000987573,0.449689456,8.469282056,1.73E-06,1.73E+00
SNSZ1,N,S,Z,1,8,18016000,1529342.137,280_31_3,280,31,T0,11.78022861,NA,0.554601574,4.406243862,2.88E-06,2.88E+00
SNSZ10,N,S,Z,10,9,7344000,858252.833,400_31_3,400,31,T90,8.556919031,0.000407711,0.455771521,12.68538823,1.48E-05,1.48E+01
SNSZ12,N,S,Z,12,4,10152000,1160352.727,400_31_3,400,31,T60,8.749063764,0.000706604,NA,NA,NA,NA
SNSZ17,N,S,Z,17,21,21756000,2043328.247,700_31_2,700,31,T0,10.64733482,NA,0.073962171,0.986543597,4.83E-07,4.83E-01
SNSZ18,N,S,Z,18,13,21502000,2013440.338,700_31_3,700,31,T90,10.67923374,0.001081896,0.578225006,10.80479019,5.37E-06,5.37E+00
SNSZ19,N,S,Z,19,6,28548000,2338090.253,700_31_3,700,31,T30,12.20996494,0.000834181,0.274366062,9.737462853,4.16E-06,4.16E+00
SNSZ2,N,S,Z,2,9,22896000,1955514.842,280_31_3,280,31,T90,11.70842558,0.000845369,0.384338609,13.26984221,6.79E-06,6.79E+00
SNSZ20,N,S,Z,20,15,31200000,3298029.212,700_31_3,700,31,T60,9.460195162,0.000772277,0.766368968,10.51026097,3.19E-06,3.19E+00
SNSZ21,N,S,Z,21,18,49968000,4092232.194,700_28_3,700,28,T0,12.21045083,NA,0.234020843,1.709014703,4.18E-07,4.18E-01
SNSZ22,N,S,Z,22,12,23352000,2237756.774,700_28_3,700,28,T90,10.43545048,0.00110598,0.75703488,15.9640449,7.13E-06,7.13E+00
SNSZ23,N,S,Z,23,10.5,21945000,2684161.288,700_28_3,700,28,T30,8.175738208,0.000894048,0.385286309,4.311214364,1.61E-06,1.61E+00
SNSZ24,N,S,Z,24,20,64800000,5295533.639,700_28_3,700,28,T60,12.2367271,0.000912964,0.708250384,9.90246485,1.87E-06,1.87E+00
SNSZ25,N,S,Z,25,10,26920000,2508077.15,2800_31_3,2800,31,T0,10.73332214,NA,0.240683481,18.64154988,7.43E-06,7.43E+00
SNSZ26,N,S,Z,26,10,14480000,1379291.301,2800_31_3,2800,31,T30,10.49814494,0.001031091,0.269888952,2.188211358,1.59E-06,1.59E+00
SNSZ27,N,S,Z,27,5,6080000,512782.4721,400_28_3,400,28,T30,11.85687954,0.000160315,0.231932862,1.345865069,2.62E-06,2.62E+00
SNSZ29,N,S,Z,29,10,18480000,1765084.07,2800_28_3,2800,28,T0,10.46975626,NA,0.469606602,1.815612467,1.03E-06,1.03E+00
SNSZ3,N,S,Z,3,5,16410000,1435900.194,280_31_3,280,31,T30,11.42837091,0.001174682,0.404694601,7.94833146,5.54E-06,5.54E+00
SNSZ32,N,S,Z,32,20,27760000,2857605.155,2800_28_3,2800,28,T90,9.714428164,0.000550086,0.977926836,14.3870455,5.03E-06,5.03E+00
SNSZ34,N,S,Z,34,60,110160000,10549932.15,400_31_3,400,31,T30,10.44177331,0.001081177,0.280124832,10.37874284,9.84E-07,9.84E-01
SNSZ38/SNSX38,N,S,Z,38,16,57280000,4514513.065,400_28_1,400,28,T90,12.6879686,0.000818795,0.945777877,15.34127378,3.40E-06,3.40E+00
SNSZ4,N,S,Z,4,12,16752000,1465839.754,280_31_3,280,31,T60,11.42826148,0.001569986,0.603766374,15.19097199,1.04E-05,1.04E+01
SNSZ41,N,S,Z,41,16,26304000,3010142.223,2800_31_3,2800,31,T90,8.738457538,0.000341453,0.839202262,7.24440895,2.41E-06,2.41E+00
SNSZ42,N,S,Z,42,5.5,NA,NA,2800_31_3,2800,31,T60,8.058395622,0.000117861,0.477762595,7.072375529,NA,NA
SNSZ47,N,S,Z,47,47.5,36670000,3684942.71,400_28_3,400,28,T60,9.951308036,0.000649206,0.196896226,5.815195328,1.58E-06,1.58E+00
SNSZ48,N,S,Z,48,5,12690000,1676899.906,2800_28_3,2800,28,T30,7.567535755,5.69E-05,0.253274874,4.58818843,2.74E-06,2.74E+00
SNSZ5,N,S,Z,5,13,NA,NA,280_28_3,280,28,T0,13.01024274,NA,0.616181176,3.302259677,NA,NA
SNSZ50,N,S,Z,50,9,11322000,1373413.514,400_28_3,400,28,T90,8.243693459,0.000594005,0.09279821,8.210999151,5.98E-06,5.98E+00
SNSZ52,N,S,Z,52,6,6564000,986365.2024,2800_28_3,2800,28,T60,6.654735978,0.000359882,0.360645412,7.246568483,7.35E-06,7.35E+00
SNSZ56,N,S,Z,56,8,6032000,627986.8666,400_28_3,400,28,T0,9.605296418,NA,0.45113999,2.829772119,4.51E-06,4.51E+00
SNSZ6,N,S,Z,6,10,16680000,1510987.645,280_28_3,280,28,T60,11.03913725,0.001007943,0.596363029,13.97906344,9.25E-06,9.25E+00
SNSZ7,N,S,Z,7,20,65200000,5483084.184,280_28_3,280,28,T30,11.89111781,0.001030566,0.1976265,4.571613944,8.34E-07,8.34E-01
SNSZ8,N,S,Z,8,10,28440000,2339857.282,280_28_3,280,28,T90,12.15458747,0.00098561,0.459360167,17.02441983,7.28E-06,7.28E+00
SNSZ9,N,S,Z,9,25,88300000,8149652.642,400_31_3,400,31,T0,10.83481761,NA,0.328801105,3.366450761,4.13E-07,4.13E-01