id,date_plate_id,raw_absorbance,dilution_factor,calculated_carbs_mg_mL
CFPA19,plate11-3_29_19,0.235,5,2.60193896
CFPA19,plate11-3_29_19,0.449,5,5.381843789
CFPA19,plate11-3_29_19,0.172,5,1.783555762
CFPA19,plate12-4_5_19,0.357,5,6.084198
CFPA19,plate12-4_5_19,0.236,5,4.093963
CFPA19,plate12-4_5_19,0.2,5,3.501827
CFPB10,plate11-3_29_19,0.181,5,0.600147678
CFPB10,plate11-3_29_19,0.251,5,0.887299677
CFPB10,plate11-3_29_19,0.509,5,1.945659903
CFPB11,plate9-3_22_19,0.202,5,4.078801304
CFPB11,plate9-3_22_19,0.152,5,3.66440128
CFPB11,plate9-3_22_19,0.258,5,4.542929331
SFPX1,plate25-5_23_19,0.204,5,3.386725559
SFPX1,plate25-5_23_19,0.247,5,4.296339544
SFPX10,plate 26-5_23_19,0.077,5,1.77439625
SFPX10,plate 26-5_23_19,0.037,5,0.687476648
SFPX10,plate 26-5_23_19,0.053,5,1.122244489
SFPX11,plate7-3_8_19,0.26,5,1.655961485
SFPX11,plate7-3_8_19,0.238,5,1.484278391
SFPX11,plate7-3_8_19,0.486,5,3.419615094
SFPX12,plate16-4_12_19,0.165,5,1.42705207
SFPX12,plate16-4_12_19,0.194,5,1.638305312
SFPX12,plate16-4_12_19,0.209,5,1.74757423
SFPX17,plate12-4_5_19,0.284,5,3.598352
SFPX17,plate12-4_5_19,0.222,5,2.846928
SFPX17,plate12-4_5_19,0.238,5,3.040844
SFPX17,plate14-4_5_19,0.234,5,1.778953485
SFPX17,plate14-4_5_19,0.205,5,1.468546439
SFPX17,plate14-4_5_19,0.248,5,1.928805162
SFPX18,plate21-5_23_19,0.258,5,1.649979976
SFPX18,plate21-5_23_19,0.162,5,1.009211053
SFPX18,plate21-5_23_19,0.44,5,2.864771059
SFPX19,plate 26-5_23_19,0.034,5,0.52074488
SFPX19,plate 26-5_23_19,0.029,5,0.403985938
SFPX19,plate 26-5_23_19,0.029,5,0.403985938
SFPX2,plate10-3_29_19,0.257,5,3.850302433
SFPX2,plate10-3_29_19,0.264,5,3.959553009
SFPX2,plate10-3_29_19,0.263,5,3.943945784
SFPX20,plate25-5_23_19,0.261,5,1.836997174
SFPX20,plate25-5_23_19,0.217,5,1.464690054
SFPX20,plate25-5_23_19,0.219,5,1.481613105
SFPX21,plate13-4_5_19,0.323,5,5.776365406
SFPX21,plate13-4_5_19,0.362,5,6.369358959
SFPX21,plate13-4_5_19,0.348,5,6.156489478
SFPX21,plate15-4_12_19,0.308,5,4.543064179
SFPX21,plate15-4_12_19,0.377,5,5.418927349
SFPX21,plate15-4_12_19,0.273,5,4.09878576
SFPX24,plate20-5_21_19,0.358,10,6.365965302
SFPX24,plate20-5_21_19,0.295,10,5.297907209
SFPX24,plate20-5_21_19,0.523,10,9.163260309
SFPX25,plate24-5_23_19,0.32,5,3.53924302
SFPX25,plate24-5_23_19,0.451,5,4.918715902
SFPX25,plate24-5_23_19,0.266,5,2.970605343
SFPX26,plate19-4_26_19,1.096,5,3.081391094
SFPX26,plate19-4_26_19,0.64,5,1.830064762
SFPX26,plate19-4_26_19,0.633,5,1.810855805
SFPX27,plate15-4_12_19,0.112,5,1.467932165
SFPX27,plate15-4_12_19,0.112,5,1.467932165
SFPX28,plate 26-5_23_19,0.017,5,0.297034747
SFPX28,plate 26-5_23_19,0.009,5,-0.151319588
SFPX28,plate 26-5_23_19,0.015,5,0.184946164
SFPX3,plate7-3_8_19,0.843,5,4.53483486
SFPX3,plate7-3_8_19,0.812,5,4.358049296
SFPX3,plate7-3_8_19,0.8,5,4.289616174
SFPX30,plate12-4_5_19,0.249,5,4.761241
SFPX30,plate12-4_5_19,0.229,5,4.397649
SFPX30,plate12-4_5_19,0.281,5,5.342989
SFPX30,plate 27-5_23_19,0.202,5,3.882772021
SFPX30,plate 27-5_23_19,0.215,5,4.093264249
SFPX30,plate 27-5_23_19,0.249,5,4.643782383
SFPX32,plate18-4_26_19,0.389,5,2.086120711
SFPX32,plate18-4_26_19,0.462,5,2.519245888
SFPX32,plate18-4_26_19,0.508,5,2.792174081
SFPX33,plate 27-5_23_19,-0.021,5,0.906735751
SFPX33,plate 27-5_23_19,-0.01,5,1.500431779
SFPX33,plate 27-5_23_19,-0.001,5,1.986183074
SFPX34,plate17-4_26_19,0.796,5,4.308196515
SFPX34,plate17-4_26_19,0.855,5,4.617084101
SFPX34,plate17-4_26_19,0.761,5,4.124958117
SFPX37,plate8-3_22_19,0.734,5,3.366426235
SFPX37,plate8-3_22_19,1.502,5,6.712809031
SFPX37,plate8-3_22_19,1.169,5,5.261838365
SFPX4,plate22-5_21_19,0.142,10,3.518332894
SFPX4,plate22-5_21_19,0.136,10,3.423371142
SFPX4,plate22-5_21_19,0.118,10,3.138485888
SFPX6,plate18-4_26_19,0.636,5,3.551626444
SFPX6,plate18-4_26_19,0.657,5,3.676224098
SFPX6,plate18-4_26_19,0.865,5,4.910334189
SFPX7,plate21-5_23_19,0.613,5,4.466100061
SFPX7,plate21-5_23_19,0.663,5,4.83691541
SFPX7,plate21-5_23_19,0.494,5,3.583559531
SFPX9,plate20-5_21_19,0.086,10,3.899259706
SFPX9,plate20-5_21_19,0.131,10,5.594590013
SFPX9,plate20-5_21_19,0.123,10,5.293197958
SFPZ1,plate20-5_21_19,0.378,10,5.960027879
SFPZ1,plate20-5_21_19,0.267,10,4.287301976
SFPZ1,plate20-5_21_19,0.264,10,4.242093168
SFPZ10,plate11-3_29_19,0.671,5,8.700705573
SFPZ10,plate11-3_29_19,0.568,5,7.292293387
SFPZ11,plate16-4_12_19,0.099,5,0.851641948
SFPZ11,plate16-4_12_19,0.152,5,1.199117107
SFPZ11,plate16-4_12_19,0.132,5,1.067994405
SFPZ13,plate21-5_23_19,0.514,5,5.597828505
SFPZ13,plate21-5_23_19,0.425,5,4.607751524
SFPZ13,plate21-5_23_19,0.553,5,6.031682463
SFPZ17,plate15-4_12_19,0.583,5,5.279369524
SFPZ17,plate15-4_12_19,0.389,5,3.661108049
SFPZ18,plate25-5_23_19,0.298,5,1.505051531
SFPZ18,plate25-5_23_19,0.533,5,2.896972466
SFPZ18,plate25-5_23_19,0.316,5,1.611666751
SFPZ19,plate3-2_22_19,0.239,10,4.024417832
SFPZ19,plate3-2_22_19,0.322,10,5.726031077
SFPZ19,plate3-2_22_19,0.214,10,3.511883722
SFPZ20,plate23-5_21_19,0.1,10,1.613209994
SFPZ20,plate23-5_21_19,0.227,10,3.260136595
SFPZ20,plate23-5_21_19,0.104,10,1.665081698
SFPZ21,plate15-4_12_19,0.254,5,3.306519468
SFPZ21,plate15-4_12_19,0.375,5,4.623034295
SFPZ23,plate18-4_26_19,0.511,5,2.283103668
SFPZ23,plate18-4_26_19,0.323,5,1.37680407
SFPZ23,plate18-4_26_19,0.342,5,1.468398179
SFPZ24,plate21-5_23_19,0.622,5,4.079562141
SFPZ24,plate21-5_23_19,0.704,5,4.626885596
SFPZ24,plate21-5_23_19,0.961,5,6.3422774
SFPZ25,plate22-5_21_19,0.18,10,4.11975732
SFPZ25,plate22-5_21_19,0.2,10,4.436296492
SFPZ25,plate22-5_21_19,0.221,10,4.768662622
SFPZ27,plate6-3_8_19,0.55,5,3.470856127
SFPZ27,plate6-3_8_19,0.75,5,4.818238163
SFPZ27,plate6-3_8_19,0.561,5,3.544962139
SFPZ28,plate24-5_23_19,0.275,5,1.167763158
SFPZ28,plate24-5_23_19,0.154,5,0.682365212
SFPZ28,plate24-5_23_19,0.482,5,1.998154685
SFPZ3,plate14-4_5_19,0.813,5,4.557937552
SFPZ3,plate14-4_5_19,0.859,5,4.839291721
SFPZ3,plate14-4_5_19,0.481,5,2.527294413
SFPZ31,plate16-4_12_19,0.43,5,5.70769836
SFPZ31,plate16-4_12_19,0.17,5,2.487907573
SFPZ31,plate16-4_12_19,0.154,5,2.289766602
SFPZ32,plate8-3_22_19,0.635,5,4.515471658
SFPZ32,plate8-3_22_19,0.845,5,5.923204805
SFPZ32,plate8-3_22_19,0.937,5,6.539925993
SFPZ35,plate17-4_26_19,0.634,5,5.997445133
SFPZ35,plate17-4_26_19,0.751,5,7.059180767
SFPZ35,plate17-4_26_19,0.753,5,7.077330094
SFPZ36,plate23-5_21_19,0.3,10,4.206795193
SFPZ36,plate23-5_21_19,0.327,10,4.556929195
SFPZ36,plate23-5_21_19,0.31,10,4.336474453
SFPZ37,plate16-4_12_19,0.388,5,3.661819983
SFPZ37,plate16-4_12_19,0.412,5,3.871616306
SFPZ37,plate16-4_12_19,0.357,5,3.390833066
SFPZ39,plate10-3_29_19,0.168,5,2.953511279
SFPZ39,plate10-3_29_19,0.171,5,3.009697289
SFPZ39,plate10-3_29_19,0.194,5,3.440456702
SFPZ42,plate3-2_22_19,0.165,10,5.619848149
SFPZ42,plate3-2_22_19,0.202,10,7.320047507
SFPZ42,plate3-2_22_19,0.247,10,9.387857537
SFPZ43,plate22-5_21_19,0.144,10,3.549986811
SFPZ43,plate22-5_21_19,0.113,10,3.059351095
SFPZ43,plate22-5_21_19,0.343,10,6.69955157
SFPZ46,plate3-2_22_19,0.377,10,5.908281137
SFPZ46,plate3-2_22_19,0.3,10,4.547414707
SFPZ46,plate3-2_22_19,0.283,10,4.246963677
SFPZ48,plate9-3_22_19,1.114,5,4.760778168
SFPZ48,plate9-3_22_19,1.102,5,4.72009162
SFPZ48,plate9-3_22_19,0.95,5,4.204728681
SFPZ49,plate20-5_21_19,0.288,10,5.466969315
SFPZ49,plate20-5_21_19,0.258,10,4.930114717
SFPZ49,plate20-5_21_19,0.222,10,4.285889201
SFPZ5,plate20-5_21_19,0.186,10,3.449997174
SFPZ5,plate20-5_21_19,0.242,10,4.399382146
SFPZ5,plate20-5_21_19,0.152,10,2.87358487
SFPZ7,plate20-5_21_19,0.211,10,3.873829751
SFPZ7,plate20-5_21_19,0.263,10,4.755401511
SFPZ7,plate20-5_21_19,0.301,10,5.399627027
SFPZ8,plate11-3_29_19,0.124,5,1.709511568
SFPZ8,plate11-3_29_19,0.221,5,3.566427829
SFSX1,plate18-4_26_19,0.909,5,4.848183693
SFSX1,plate18-4_26_19,0.803,5,4.258569797
SFSX1,plate18-4_26_19,0.808,5,4.286381773
SFSX10,plate21-5_23_19,0.514,5,3.358697103
SFSX10,plate21-5_23_19,0.405,5,2.631157389
SFSX10,plate21-5_23_19,0.383,5,2.484314511
SFSX11,plate11-3_29_19,0.141,5,3.524824974
SFSX11,plate11-3_29_19,0.15,5,3.823257945
SFSX12,plate6-3_8_19,0.098,5,2.299172707
SFSX12,plate6-3_8_19,0.065,5,1.098655313
SFSX16,plate18-4_26_19,0.968,5,4.831274011
SFSX16,plate18-4_26_19,1.041,5,5.21025854
SFSX16,plate18-4_26_19,0.837,5,4.151178486
SFSX17,plate3-2_22_19,0.282,10,5.413491312
SFSX17,plate3-2_22_19,0.309,10,6.024290582
SFSX17,plate3-2_22_19,0.325,10,6.386245705
SFSX18,plate9-3_22_19,0.326,5,3.713827901
SFSX18,plate9-3_22_19,0.535,5,4.973603974
SFSX18,plate9-3_22_19,0.497,5,4.744553779
SFSX19,plate16-4_12_19,0.243,5,2.294538011
SFSX19,plate16-4_12_19,0.258,5,2.420197267
SFSX19,plate16-4_12_19,0.341,5,3.115511816
SFSX2,plate11-3_29_19,0.508,5,2.588743642
SFSX2,plate11-3_29_19,0.559,5,2.867691298
SFSX2,plate11-3_29_19,0.483,5,2.452004594
SFSX20,plate8-3_22_19,0.342,5,4.337292862
SFSX20,plate8-3_22_19,0.269,5,3.505389607
SFSX20,plate8-3_22_19,0.431,5,5.351531077
SFSX21,plate12-4_5_19,0.097,5,4.566719
SFSX21,plate12-4_5_19,0.137,5,6.228855
SFSX21,plate12-4_5_19,0.088,5,4.192739
SFSX22,plate15-4_12_19,0.991,5,8.682723554
SFSX22,plate15-4_12_19,1.155,5,10.05073841
SFSX24,plate24-5_23_19,0.363,5,2.66136473
SFSX24,plate24-5_23_19,0.254,5,1.896160944
SFSX24,plate24-5_23_19,0.374,5,2.738587131
SFSX25,plate7-3_8_19,0.447,5,7.189079514
SFSX25,plate7-3_8_19,0.2,5,2.740926608
SFSX25,plate7-3_8_19,0.217,5,3.047074784
SFSX26,plate15-4_12_19,1.029,5,7.043245517
SFSX26,plate15-4_12_19,0.641,5,4.510314513
SFSX27,plate4-3_1_19,0.537,10,5.293630045
SFSX27,plate4-3_1_19,0.709,10,6.829050564
SFSX27,plate4-3_1_19,0.368,10,3.784990117
SFSX28,plate19-4_26_19,0.393,5,1.152262998
SFSX28,plate19-4_26_19,0.277,5,0.833943141
SFSX28,plate19-4_26_19,0.326,5,0.96840584
SFSX29,plate7-3_8_19,0.608,5,3.026544848
SFSX29,plate7-3_8_19,0.469,5,2.275581381
SFSX29,plate7-3_8_19,0.514,5,2.51869905
SFSX3,plate15-4_12_19,0.745,5,5.189244473
SFSX3,plate15-4_12_19,0.632,5,4.451560959
SFSX30,plate5-3_1_19,0.206,10,4.241576654
SFSX30,plate5-3_1_19,0.257,10,5.622051507
SFSX30,plate5-3_1_19,0.231,10,4.918280013
SFSX31,plate22-5_21_19,0.248,10,4.907324365
SFSX31,plate22-5_21_19,0.191,10,4.055306428
SFSX31,plate22-5_21_19,0.218,10,4.458893871
SFSX32,plate25-5_23_19,0.443,5,3.714694285
SFSX32,plate25-5_23_19,0.314,5,2.514003825
SFSX32,plate25-5_23_19,0.65,5,5.641383629
SFSX37,plate9-3_22_19,0.888,5,4.438349834
SFSX37,plate9-3_22_19,0.601,5,3.357142498
SFSX39,plate 27-5_23_19,0.415,5,5.236861584
SFSX39,plate 27-5_23_19,0.407,5,5.144337528
SFSX4,plate3-2_22_19,0.352,10,6.122414354
SFSX4,plate3-2_22_19,0.365,10,6.379741824
SFSX4,plate3-2_22_19,0.308,10,5.251459839
SFSX40,plate4-3_1_19,0.152,10,3.183064465
SFSX40,plate4-3_1_19,0.288,10,5.264298922
SFSX40,plate4-3_1_19,0.204,10,3.978830581
SFSX5,plate18-4_26_19,0.841,5,4.469940816
SFSX5,plate18-4_26_19,0.606,5,3.162777934
SFSX5,plate18-4_26_19,0.957,5,5.115178664
SFSX6,plate8-3_22_19,0.68,5,6.262267389
SFSX6,plate8-3_22_19,0.924,5,8.388614791
SFSX6,plate8-3_22_19,0.938,5,8.51061833
SFSX8,plate22-5_21_19,0.192,10,4.309680823
SFSX8,plate22-5_21_19,0.165,10,3.882352941
SFSX8,plate22-5_21_19,0.051,10,2.078079662
SFSX9,plate18-4_26_19,0.508,5,2.792174081
SFSX9,plate18-4_26_19,0.501,5,2.75064153
SFSX9,plate18-4_26_19,0.551,5,3.047302609
SFSY1,plate18-4_26_19,0.346,5,1.716555172
SFSY1,plate18-4_26_19,0.384,5,1.927926191
SFSY1,plate18-4_26_19,0.481,5,2.467478529
SFSY10,plate17-4_26_19,0.59,5,4.306276875
SFSY10,plate17-4_26_19,0.721,5,5.220723739
SFSY10,plate17-4_26_19,0.454,5,3.356927459
SFSY11,plate3-2_22_19,0.609,10,6.405474571
SFSY11,plate3-2_22_19,0.492,10,5.082076152
SFSY11,plate3-2_22_19,0.398,10,4.018832978
SFSY12,plate9-3_22_19,0.651,5,6.027360448
SFSY12,plate9-3_22_19,0.413,5,4.503121814
SFSY12,plate9-3_22_19,0.607,5,5.745568431
SFSY15,plate20-5_21_19,0.233,10,4.246802419
SFSY15,plate20-5_21_19,0.162,10,3.043117901
SFSY15,plate20-5_21_19,0.222,10,4.060316085
SFSY17,plate9-3_22_19,0.264,5,5.010171637
SFSY17,plate9-3_22_19,0.246,5,4.847425446
SFSY17,plate9-3_22_19,0.304,5,5.37182984
SFSY18,plate21-5_23_19,0.502,5,3.642889987
SFSY18,plate21-5_23_19,0.338,5,2.426615642
SFSY18,plate21-5_23_19,0.718,5,5.244812293
SFSY19,plate6-3_8_19,0.083,5,1.948314425
SFSY19,plate6-3_8_19,0.056,5,0.856934975
SFSY19,plate6-3_8_19,0.054,5,0.776092053
SFSY2,plate11-3_29_19,0.405,5,3.291240497
SFSY2,plate11-3_29_19,0.335,5,2.669077832
SFSY2,plate11-3_29_19,0.679,5,5.726562927
SFSY20,plate19-4_26_19,0.352,5,1.501866013
SFSY20,plate19-4_26_19,-0.018,5,0.035277402
SFSY20,plate19-4_26_19,0.36,5,1.533576037
SFSY21,plate15-4_12_19,0.202,5,3.288893402
SFSY21,plate15-4_12_19,0.235,5,3.7197528
SFSY22,plate8-3_22_19,0.734,5,3.884337963
SFSY22,plate8-3_22_19,0.931,5,4.874778785
SFSY22,plate8-3_22_19,0.772,5,4.075387462
SFSY23,plate23-5_21_19,0.267,10,3.778853635
SFSY23,plate23-5_21_19,0.231,10,3.312008299
SFSY23,plate23-5_21_19,0.413,10,5.672170831
SFSY24,plate 26-5_23_19,0.653,5,6.534764444
SFSY24,plate 26-5_23_19,0.642,5,6.42267586
SFSY24,plate 26-5_23_19,0.611,5,6.106789851
SFSY25,plate12-4_5_19,0.352,5,4.58044
SFSY25,plate12-4_5_19,0.338,5,4.404704
SFSY25,plate12-4_5_19,0.378,5,4.906808
SFSY25,plate14-4_5_19,0.459,5,4.336829872
SFSY25,plate14-4_5_19,0.328,5,2.884568335
SFSY25,plate14-4_5_19,0.404,5,3.727101746
SFSY27,plate25-5_23_19,0.383,5,2.869303278
SFSY27,plate25-5_23_19,0.259,5,1.820074123
SFSY27,plate25-5_23_19,0.377,5,2.818534125
SFSY28,plate16-4_12_19,0.027,5,0.379600221
SFSY28,plate16-4_12_19,0.085,5,0.759856056
SFSY28,plate16-4_12_19,0.041,5,0.471386113
SFSY29,plate10-3_29_19,0.412,5,5.572819844
SFSY29,plate10-3_29_19,0.475,5,6.44682445
SFSY29,plate10-3_29_19,0.505,5,6.863017119
SFSY30,plate17-4_26_19,0.758,5,4.109251969
SFSY30,plate17-4_26_19,0.375,5,2.104100352
SFSY30,plate17-4_26_19,0.354,5,1.994157313
SFSY32,plate22-5_21_19,0.155,10,5.999912072
SFSY32,plate22-5_21_19,0.143,10,5.693924206
SFSY32,plate22-5_21_19,0.201,10,7.172865559
SFSY35,plate8-3_22_19,0.139,5,1.845337052
SFSY35,plate8-3_22_19,0.138,5,1.83494664
SFSY35,plate8-3_22_19,0.132,5,1.772604172
SFSY39,plate24-5_23_19,0.481,5,7.976572529
SFSY39,plate24-5_23_19,0.434,5,7.222400513
SFSY39,plate24-5_23_19,0.456,5,7.575417202
SFSY46,plate6-3_8_19,0.619,5,3.935702929
SFSY46,plate6-3_8_19,0.645,5,4.110862594
SFSY46,plate6-3_8_19,0.394,5,2.419898138
SFSY5,plate24-5_23_19,0.549,5,4.250491415
SFSY5,plate24-5_23_19,0.643,5,4.95752768
SFSY5,plate24-5_23_19,0.684,5,5.265915838
SFSY54,plate6-3_8_19,0.077,5,1.250909483
SFSY54,plate6-3_8_19,0.094,5,1.754830365
SFSY54,plate6-3_8_19,0.095,5,1.784472769
SFSY54,plate6-3_8_19,0.165,5,3.859441106
SFSY54,plate6-3_8_19,0.104,5,2.051254413
SFSY54,plate6-3_8_19,0.113,5,2.318036056
SFSY6,plate12-4_5_19,0.34,5,6.72109
SFSY6,plate12-4_5_19,0.348,5,6.873453
SFSY6,plate12-4_5_19,0.323,5,6.39732
SFSY6,plate14-4_5_19,0.295,5,3.821523594
SFSY6,plate14-4_5_19,0.416,5,5.856754029
SFSY6,plate14-4_5_19,0.479,5,6.916419462
SFSY61,plate9-3_22_19,0.141,5,3.085974192
SFSY61,plate9-3_22_19,0.178,5,3.35081348
SFSY8,plate16-4_12_19,0.329,5,2.621725575
SFSY8,plate16-4_12_19,0.246,5,2.017104228
SFSY8,plate16-4_12_19,0.531,5,4.093213672
SFSY9,plate23-5_21_19,0.358,10,4.958934901
SFSY9,plate23-5_21_19,0.358,10,4.958934901
SFSY9,plate23-5_21_19,0.274,10,3.869629117
SFSZ1,plate16-4_12_19,1.347,5,8.029954253
SFSZ1,plate16-4_12_19,1.141,5,6.829453073
SFSZ1,plate16-4_12_19,0.811,5,4.906320114
SFSZ10,plate 27-5_23_19,0.07,5,0.748056995
SFSZ10,plate 27-5_23_19,0.075,5,0.782753516
SFSZ10,plate 27-5_23_19,0.101,5,0.963175426
SFSZ11,plate9-3_22_19,0.242,5,2.004691511
SFSZ11,plate9-3_22_19,1.038,5,5.003440776
SFSZ11,plate9-3_22_19,0.41,5,2.637593366
SFSZ12,plate5-3_1_19,0.487,10,2.820886288
SFSZ12,plate5-3_1_19,0.62,10,3.678043876
SFSZ12,plate5-3_1_19,0.469,10,2.704879998
SFSZ12,plate7-3_8_19,0.915,5,2.602859784
SFSZ12,plate7-3_8_19,0.619,5,1.714429784
SFSZ12,plate7-3_8_19,0.559,5,1.534342622
SFSZ12,plate20-5_21_19,0.464,10,4.535008571
SFSZ12,plate20-5_21_19,0.475,10,4.63861209
SFSZ12,plate20-5_21_19,0.385,10,3.790946936
SFSZ17,plate9-3_22_19,0.351,5,7.004440359
SFSZ17,plate9-3_22_19,0.054,5,3.75968817
SFSZ17,plate9-3_22_19,0.318,5,6.643912338
SFSZ18,plate3-2_22_19,0.178,10,1.912989382
SFSZ18,plate3-2_22_19,0.245,10,2.860293806
SFSZ18,plate3-2_22_19,0.326,10,4.005542438
SFSZ19,plate4-3_1_19,0.021,10,1.080150481
SFSZ19,plate4-3_1_19,0.034,10,1.26251355
SFSZ19,plate22-5_21_19,0.073,10,2.965444474
SFSZ19,plate22-5_21_19,0.029,10,2.114305812
SFSZ19,plate22-5_21_19,-0.025,10,1.069726545
SFSZ2,plate15-4_12_19,0.221,5,1.768481982
SFSZ2,plate15-4_12_19,0.159,5,1.363735275
SFSZ2,plate15-4_12_19,0.189,5,1.559580456
SFSZ20,plate17-4_26_19,0.723,5,4.711216284
SFSZ20,plate17-4_26_19,0.452,5,3.008669794
SFSZ20,plate17-4_26_19,0.493,5,3.266250628
SFSZ21,plate12-4_5_19,0.415,5,7.038195
SFSZ21,plate12-4_5_19,0.404,5,6.857264
SFSZ21,plate12-4_5_19,0.451,5,7.630331
SFSZ22,plate20-5_21_19,0.187,10,3.466950478
SFSZ22,plate20-5_21_19,0.215,10,3.941642963
SFSZ22,plate20-5_21_19,0.223,10,4.077269388
SFSZ23,plate6-3_8_19,0.39,5,4.785900994
SFSZ23,plate6-3_8_19,0.446,5,5.540434935
SFSZ23,plate6-3_8_19,0.415,5,5.122746504
SFSZ24,plate17-4_26_19,0.743,5,5.374294968
SFSZ24,plate17-4_26_19,0.89,5,6.400429999
SFSZ24,plate17-4_26_19,0.709,5,5.136957614
SFSZ25,plate12-4_5_19,0.409,5,6.391649
SFSZ25,plate12-4_5_19,0.321,5,5.058478
SFSZ25,plate12-4_5_19,0.329,5,5.179675
SFSZ25,plate14-4_5_19,0.476,5,5.461558457
SFSZ25,plate14-4_5_19,0.406,5,4.524985474
SFSZ25,plate14-4_5_19,0.437,5,4.939753509
SFSZ26,plate3-2_22_19,0.465,10,4.179591952
SFSZ26,plate3-2_22_19,0.611,10,5.624584671
SFSZ26,plate3-2_22_19,0.602,10,5.535509777
SFSZ27,plate9-3_22_19,0.18,5,3.188017058
SFSZ27,plate9-3_22_19,0.139,5,2.909992315
SFSZ27,plate9-3_22_19,0.303,5,4.022091289
SFSZ27,plate25-5_23_19,0.115,5,0.541453013
SFSZ27,plate25-5_23_19,0.466,5,3.214448901
SFSZ27,plate25-5_23_19,0.151,5,0.815606438
SFSZ28,plate23-5_21_19,0.255,10,3.220656465
SFSZ28,plate23-5_21_19,0.221,10,2.828736924
SFSZ28,plate23-5_21_19,0.195,10,2.529033745
SFSZ29,plate7-3_8_19,0.423,5,4.391965711
SFSZ29,plate7-3_8_19,0.476,5,5.012365985
SFSZ29,plate7-3_8_19,0.505,5,5.351830286
SFSZ3,plate4-3_1_19,0.255,10,3.172862335
SFSZ3,plate4-3_1_19,0.199,10,2.601543072
SFSZ30,plate8-3_22_19,0.127,5,2.331206092
SFSZ30,plate8-3_22_19,0.159,5,2.781680699
SFSZ30,plate8-3_22_19,0.264,5,4.259800504
SFSZ31,plate21-5_23_19,0.646,5,7.537341106
SFSZ31,plate21-5_23_19,0.563,5,6.552455539
SFSZ31,plate21-5_23_19,0.607,5,7.07456355
SFSZ33,plate21-5_23_19,0.765,5,5.034040849
SFSZ33,plate21-5_23_19,1.035,5,6.836203444
SFSZ33,plate21-5_23_19,0.846,5,5.574689628
SFSZ35,plate24-5_23_19,0.467,5,4.844953466
SFSZ35,plate24-5_23_19,0.32,5,3.370707638
SFSZ35,plate24-5_23_19,0.32,5,3.370707638
SFSZ36,plate18-4_26_19,0.813,5,4.314193749
SFSZ36,plate18-4_26_19,0.647,5,3.390836139
SFSZ36,plate18-4_26_19,0.763,5,4.036073987
SFSZ38,plate23-5_21_19,0.337,10,6.248811273
SFSZ38,plate23-5_21_19,0.372,10,6.853981153
SFSZ38,plate23-5_21_19,0.264,10,4.98659981
SFSZ4,plate8-3_22_19,0.63,5,2.465074811
SFSZ4,plate8-3_22_19,0.647,5,2.527752453
SFSZ4,plate8-3_22_19,0.617,5,2.417144849
SFSZ40,plate7-3_8_19,0.42,5,1.228854766
SFSZ40,plate7-3_8_19,0.45,5,1.327902705
SFSZ40,plate7-3_8_19,0.384,5,1.109997239
SFSZ41,plate19-4_26_19,0.181,5,1.267791153
SFSZ41,plate19-4_26_19,0.215,5,1.475125925
SFSZ41,plate19-4_26_19,0.202,5,1.395850865
SFSZ42,plate25-5_23_19,0.213,5,0.930048569
SFSZ42,plate25-5_23_19,0.224,5,0.990548476
SFSZ42,plate25-5_23_19,0.223,5,0.985048485
SFSZ44,plate4-3_1_19,0.353,10,22.94969075
SFSZ44,plate4-3_1_19,0.395,10,25.30638271
SFSZ5,plate23-5_21_19,0.277,10,3.908532895
SFSZ5,plate23-5_21_19,0.344,10,4.777383937
SFSZ5,plate23-5_21_19,0.323,10,4.505057491
SFSZ6,plate10-3_29_19,1.292,5,5.334341444
SFSZ6,plate10-3_29_19,1.514,5,6.258289171
SFSZ6,plate10-3_29_19,1.246,5,5.142892817
SFSZ8,plate 26-5_23_19,0.703,5,8.805322509
SFSZ8,plate 26-5_23_19,0.754,5,9.454926803
SFSZ9,plate22-5_21_19,0.203,10,5.480172338
SFSZ9,plate22-5_21_19,0.2,10,5.422140157
SFSZ9,plate22-5_21_19,0.031,10,2.152993933
SNPX1,plate18-4_26_19,0.968,5,5.176365012
SNPX1,plate18-4_26_19,0.929,5,4.959431597
SNPX1,plate18-4_26_19,0.781,5,4.136197102
SNPX10,plate21-5_23_19,0.561,5,4.896542518
SNPX10,plate21-5_23_19,0.758,5,6.649757487
SNPX10,plate21-5_23_19,0.649,5,5.679704534
SNPX11,plate12-4_5_19,0.554,5,6.379919
SNPX11,plate12-4_5_19,0.512,5,5.907249
SNPX11,plate12-4_5_19,0.343,5,4.005315
SNPX11,plate14-4_5_19,0.503,5,4.325514542
SNPX11,plate14-4_5_19,0.576,5,5.051071898
SNPX11,plate14-4_5_19,0.422,5,3.52044405
SNPX12,plate6-3_8_19,0.644,5,3.283300547
SNPX12,plate6-3_8_19,0.675,5,3.45037592
SNPX12,plate6-3_8_19,0.572,5,2.89525452
SNPX13,plate22-5_21_19,0.243,10,5.685395234
SNPX13,plate22-5_21_19,0.113,10,3.399278994
SNPX13,plate22-5_21_19,0.23,10,5.45678361
SNPX17,plate13-4_5_19,0.092,5,5.174900516
SNPX17,plate13-4_5_19,0.033,5,3.124402662
SNPX17,plate13-4_5_19,0.02,5,2.67259805
SNPX17,plate16-4_12_19,0.073,5,3.027477491
SNPX17,plate16-4_12_19,0.034,5,1.891080742
SNPX17,plate16-4_12_19,0.025,5,1.628835339
SNPX18,plate8-3_22_19,0.396,5,3.496004719
SNPX18,plate8-3_22_19,0.541,5,4.662412184
SNPX18,plate8-3_22_19,0.486,5,4.219981767
SNPX19,plate22-5_21_19,0.194,10,4.34133474
SNPX19,plate22-5_21_19,0.21,10,4.594566078
SNPX19,plate22-5_21_19,0.157,10,3.755737272
SNPX20,plate20-5_21_19,0.289,10,5.773541545
SNPX20,plate20-5_21_19,0.224,10,4.549136323
SNPX21,plate9-3_22_19,-0.035,5,7.112561093
SNPX21,plate9-3_22_19,-0.021,5,7.50285057
SNPX22,plate17-4_26_19,0.436,5,3.554406098
SNPX22,plate17-4_26_19,0.461,5,3.746370135
SNPX22,plate17-4_26_19,0.6,5,4.813690177
SNPX22,plate19-4_26_19,0.316,5,2.300135377
SNPX22,plate19-4_26_19,0.434,5,3.091666362
SNPX22,plate19-4_26_19,0.293,5,2.145853914
SNPX23,plate17-4_26_19,1.157,5,9.917071536
SNPX23,plate17-4_26_19,1.138,5,9.757915899
SNPX23,plate17-4_26_19,0.845,5,7.303568437
SNPX24,plate3-2_22_19,0.063,10,2.353556633
SNPX24,plate3-2_22_19,0.064,10,2.469495384
SNPX24,plate3-2_22_19,0.067,10,2.817311635
SNPX24,plate6-3_8_19,0.106,5,3.933277642
SNPX24,plate6-3_8_19,0.043,5,0.452989841
SNPX24,plate6-3_8_19,0.073,5,2.110269746
SNPX24,plate25-5_23_19,0.108,5,4.447547004
SNPX24,plate25-5_23_19,0.13,5,5.974006194
SNPX24,plate25-5_23_19,0.135,5,6.320928737
SNPX25,plate12-4_5_19,0.063,5,2.463987
SNPX25,plate12-4_5_19,0.072,5,2.756159
SNPX25,plate12-4_5_19,0.052,5,2.106887
SNPX26,plate4-3_1_19,0.127,10,4.084040043
SNPX26,plate4-3_1_19,0.173,10,5.110629344
SNPX26,plate4-3_1_19,0.103,10,3.548428234
SNPX26,plate22-5_21_19,0.073,10,4.717752572
SNPX26,plate22-5_21_19,0.114,10,5.979512881
SNPX26,plate22-5_21_19,-0.023,10,1.763386969
SNPX26,plate23-5_21_19,0.131,10,3.918474972
SNPX26,plate23-5_21_19,0.161,10,4.674937322
SNPX26,plate23-5_21_19,0.213,10,5.986138728
SNPX27,plate 26-5_23_19,0.622,5,6.218878435
SNPX27,plate 26-5_23_19,0.689,5,6.90159981
SNPX27,plate 26-5_23_19,0.521,5,5.189701437
SNPX28,plate4-3_1_19,0.026,10,2.875725308
SNPX28,plate4-3_1_19,-0.022,10,1.192373908
SNPX28,plate4-3_1_19,-0.022,10,1.192373908
SNPX29,plate10-3_29_19,0.161,5,3.24054549
SNPX29,plate10-3_29_19,0.176,5,3.563094809
SNPX29,plate10-3_29_19,0.13,5,2.573943564
SNPX3,plate 26-5_23_19,0.559,5,3.717944363
SNPX3,plate 26-5_23_19,0.671,5,4.478788085
SNPX3,plate 26-5_23_19,0.947,5,6.353724398
SNPX30,plate6-3_8_19,0.398,5,4.404322402
SNPX30,plate6-3_8_19,0.275,5,2.912770487
SNPX30,plate6-3_8_19,0.352,5,3.846506238
SNPX32,plate23-5_21_19,0.435,10,6.288435492
SNPX32,plate23-5_21_19,0.307,10,4.536324602
SNPX32,plate23-5_21_19,0.258,10,3.865594651
SNPX39,plate23-5_21_19,0.852,10,9.470908619
SNPX39,plate23-5_21_19,0.68,10,7.61217256
SNPX39,plate23-5_21_19,0.774,10,8.62799343
SNPX4,plate11-3_29_19,0.736,5,5.274230159
SNPX4,plate11-3_29_19,0.579,5,4.093488487
SNPX4,plate11-3_29_19,1.064,5,7.741002571
SNPX5,plate25-5_23_19,0.376,5,2.8100726
SNPX5,plate25-5_23_19,0.48,5,3.690071246
SNPX5,plate25-5_23_19,0.434,5,3.300841076
SNPX6,plate25-5_23_19,0.542,5,7.375700191
SNPX6,plate25-5_23_19,0.518,5,7.020316123
SNPX6,plate25-5_23_19,0.573,5,7.834737947
SNPX7,plate8-3_22_19,0.231,5,2.710891832
SNPX7,plate8-3_22_19,0.278,5,3.183487961
SNPX7,plate8-3_22_19,0.372,5,4.128680217
SNPX8,plate8-3_22_19,0.243,5,4.908028101
SNPX8,plate8-3_22_19,0.273,5,5.430900413
SNPX8,plate8-3_22_19,0.366,5,7.05180458
SNPY1,plate21-5_23_19,0.821,5,4.506518934
SNPY1,plate21-5_23_19,0.826,5,4.534330085
SNPY1,plate21-5_23_19,0.78,5,4.278467494
SNPY10,plate10-3_29_19,0.681,5,3.489255293
SNPY10,plate10-3_29_19,0.958,5,4.930322411
SNPY10,plate10-3_29_19,0.815,5,4.186378014
SNPY11,plate4-3_1_19,0.246,10,3.273608366
SNPY11,plate4-3_1_19,0.214,10,2.926735956
SNPY11,plate4-3_1_19,0.099,10,1.680163234
SNPY12,plate16-4_12_19,0.372,5,2.93496314
SNPY12,plate16-4_12_19,0.393,5,3.087939625
SNPY12,plate16-4_12_19,0.397,5,3.117078003
SNPY13,plate17-4_26_19,0.705,5,4.853583794
SNPY13,plate17-4_26_19,0.713,5,4.906635673
SNPY13,plate17-4_26_19,0.702,5,4.833689339
SNPY17,plate9-3_22_19,-0.072,5,4.273192588
SNPY17,plate9-3_22_19,-0.088,5,3.959755479
SNPY17,plate9-3_22_19,-0.052,5,4.664988974
SNPY18,plate23-5_21_19,0.457,10,7.63003948
SNPY18,plate23-5_21_19,0.334,10,5.680527939
SNPY18,plate23-5_21_19,0.215,10,3.794415147
SNPY19,plate4-3_1_19,0.274,10,4.629216349
SNPY19,plate4-3_1_19,0.112,10,2.356691959
SNPY19,plate4-3_1_19,0.171,10,3.184339731
SNPY2,plate12-4_5_19,0.243,5,6.092119
SNPY2,plate12-4_5_19,0.174,5,4.449461
SNPY2,plate12-4_5_19,0.27,5,6.734898
SNPY2,plate13-4_5_19,0.174,5,5.517012181
SNPY2,plate13-4_5_19,0.14,5,4.704632735
SNPY2,plate13-4_5_19,0.134,5,4.561271656
SNPY20,plate22-5_21_19,0.382,10,6.910313901
SNPY20,plate22-5_21_19,0.329,10,6.118086697
SNPY20,plate22-5_21_19,0.161,10,3.606875934
SNPY21,plate10-3_29_19,0.214,5,2.967245637
SNPY21,plate10-3_29_19,0.212,5,2.93811215
SNPY21,plate10-3_29_19,0.182,5,2.501109847
SNPY22,plate3-2_22_19,0.259,10,3.669885617
SNPY22,plate3-2_22_19,0.3,10,4.365518119
SNPY22,plate3-2_22_19,0.318,10,4.670917754
SNPY23,plate24-5_23_19,0.415,5,4.32345154
SNPY23,plate24-5_23_19,0.323,5,3.400794288
SNPY23,plate24-5_23_19,0.361,5,3.781891849
SNPY24,plate 26-5_23_19,0.6,5,4.49602595
SNPY24,plate 26-5_23_19,0.611,5,4.580092388
SNPY24,plate 26-5_23_19,0.578,5,4.327893074
SNPY26,plate16-4_12_19,0.067,5,2.139485416
SNPY26,plate16-4_12_19,0.129,5,3.494420001
SNPY26,plate16-4_12_19,0.132,5,3.559981351
SNPY27,plate7-3_8_19,0.532,5,4.069249517
SNPY27,plate7-3_8_19,0.455,5,3.422136314
SNPY27,plate7-3_8_19,0.492,5,3.733086814
SNPY28,plate25-5_23_19,0.418,5,3.007183835
SNPY28,plate25-5_23_19,0.382,5,2.717799665
SNPY28,plate25-5_23_19,0.376,5,2.66956897
SNPY29,plate8-3_22_19,0.496,5,2.687764788
SNPY29,plate8-3_22_19,0.603,5,3.225719955
SNPY29,plate8-3_22_19,0.737,5,3.899420818
SNPY3,plate25-5_23_19,0.217,5,1.61115906
SNPY3,plate25-5_23_19,0.251,5,1.927620111
SNPY31,plate24-5_23_19,0.307,5,6.804697529
SNPY31,plate24-5_23_19,0.419,5,9.163490854
SNPY31,plate24-5_23_19,0.363,5,7.984094191
SNPY32,plate25-5_23_19,0.441,5,3.360071754
SNPY32,plate25-5_23_19,0.512,5,3.96084006
SNPY32,plate25-5_23_19,0.44,5,3.351610228
SNPY33,plate12-4_5_19,0.308,5,3.889226
SNPY33,plate12-4_5_19,0.34,5,4.277057
SNPY33,plate12-4_5_19,0.366,5,4.592171
SNPY33,plate14-4_5_19,0.291,5,2.389063886
SNPY33,plate14-4_5_19,0.345,5,2.967063213
SNPY33,plate14-4_5_19,0.459,5,4.187284015
SNPY4,plate4-3_1_19,0.04,10,2.938213352
SNPY4,plate4-3_1_19,0.082,10,4.223681694
SNPY4,plate4-3_1_19,0.035,10,2.785181407
SNPY4,plate18-4_26_19,0.312,5,4.887787947
SNPY4,plate18-4_26_19,0.303,5,4.727590964
SNPY4,plate18-4_26_19,0.259,5,3.944405714
SNPY4,plate24-5_23_19,0.24,5,6.16415276
SNPY4,plate24-5_23_19,0.295,5,7.48796534
SNPY4,plate24-5_23_19,0.256,5,6.549261874
SNPY5,plate24-5_23_19,0.628,5,7.428544207
SNPY5,plate24-5_23_19,0.566,5,6.713484836
SNPY5,plate24-5_23_19,0.467,5,5.571696486
SNPY6,plate15-4_12_19,0.403,5,4.599170197
SNPY6,plate15-4_12_19,0.505,5,5.634973597
SNPY6,plate15-4_12_19,0.427,5,4.842888644
SNPY7,plate10-3_29_19,0.844,5,4.337247857
SNPY7,plate10-3_29_19,0.871,5,4.477712883
SNPY7,plate10-3_29_19,0.946,5,4.86789351
SNPY8,plate5-3_1_19,0.293,10,2.355894408
SNPY8,plate5-3_1_19,0.292,10,2.346227218
SNPY8,plate5-3_1_19,0.317,10,2.587906989
SNPY9,plate19-4_26_19,0.585,5,2.985132877
SNPY9,plate19-4_26_19,0.601,5,3.063188321
SNPY9,plate19-4_26_19,0.573,5,2.926591294
SNPZ1,plate18-4_26_19,0.596,5,3.107153982
SNPZ1,plate18-4_26_19,0.5,5,2.573164039
SNPZ1,plate18-4_26_19,0.628,5,3.28515063
SNPZ10,plate15-4_12_19,0.18,5,1.500826902
SNPZ10,plate15-4_12_19,0.206,5,1.670559392
SNPZ11,plate10-3_29_19,0.365,5,2.952470797
SNPZ11,plate10-3_29_19,0.333,5,2.686107489
SNPZ11,plate10-3_29_19,0.323,5,2.602868955
SNPZ12,plate6-3_8_19,0.214,5,1.086528874
SNPZ12,plate6-3_8_19,0.188,5,0.928885176
SNPZ12,plate6-3_8_19,0.245,5,1.274488669
SNPZ16,plate18-4_26_19,0.321,5,1.892994349
SNPZ16,plate18-4_26_19,0.359,5,2.146639572
SNPZ16,plate18-4_26_19,0.381,5,2.293486806
SNPZ17,plate10-3_29_19,0.369,5,3.234580062
SNPZ17,plate10-3_29_19,0.321,5,2.801739685
SNPZ17,plate10-3_29_19,0.386,5,3.387877695
SNPZ18,plate19-4_26_19,0.226,5,1.079543376
SNPZ18,plate19-4_26_19,0.356,5,1.634468796
SNPZ18,plate19-4_26_19,0.279,5,1.305782201
SNPZ19,plate21-5_23_19,0.291,5,1.870244293
SNPZ19,plate21-5_23_19,0.26,5,1.663329329
SNPZ19,plate21-5_23_19,0.302,5,1.943665732
SNPZ2,plate3-2_22_19,0.181,10,2.248716897
SNPZ2,plate3-2_22_19,0.234,10,3.110481146
SNPZ2,plate3-2_22_19,0.257,10,3.48445431
SNPZ2,plate22-5_21_19,0.029,10,2.210410622
SNPZ2,plate22-5_21_19,-0.011,10,1.401477183
SNPZ20,plate7-3_8_19,0.295,5,1.112938662
SNPZ20,plate7-3_8_19,0.333,5,1.284021466
SNPZ20,plate7-3_8_19,0.302,5,1.144453916
SNPZ21,plate17-4_26_19,0.728,5,3.688711119
SNPZ21,plate17-4_26_19,0.814,5,4.108937846
SNPZ21,plate17-4_26_19,0.738,5,3.737574691
SNPZ22,plate 26-5_23_19,0.153,5,1.079871608
SNPZ22,plate 26-5_23_19,0.149,5,1.049301994
SNPZ22,plate 26-5_23_19,0.184,5,1.316786115
SNPZ23,plate24-5_23_19,0.632,5,4.549803434
SNPZ23,plate24-5_23_19,0.979,5,6.985819159
SNPZ23,plate24-5_23_19,0.527,5,3.81268052
SNPZ24,plate6-3_8_19,0.469,5,4.972782883
SNPZ24,plate6-3_8_19,0.613,5,6.621978496
SNPZ24,plate6-3_8_19,0.286,5,2.876930125
SNPZ26,plate4-3_1_19,0.109,10,1.893770325
SNPZ26,plate4-3_1_19,0.124,10,2.065931263
SNPZ26,plate4-3_1_19,0.093,10,1.71013199
SNPZ27,plate23-5_21_19,0.14,10,2.842569378
SNPZ27,plate23-5_21_19,0.089,10,1.960750411
SNPZ27,plate23-5_21_19,0.094,10,2.047203251
SNPZ28,plate11-3_29_19,0.419,5,2.101952634
SNPZ28,plate11-3_29_19,0.666,5,3.45293442
SNPZ28,plate11-3_29_19,0.448,5,2.260569928
SNPZ29,plate7-3_8_19,0.22,5,3.824691151
SNPZ29,plate7-3_8_19,0.225,5,3.935744901
SNPZ29,plate7-3_8_19,0.175,5,2.8252074
SNPZ3,plate10-3_29_19,0.516,5,3.507810549
SNPZ3,plate10-3_29_19,0.477,5,3.237285314
SNPZ3,plate10-3_29_19,0.639,5,4.361005521
SNPZ30,plate21-5_23_19,0.333,5,2.150580697
SNPZ30,plate21-5_23_19,0.418,5,2.71792818
SNPZ30,plate21-5_23_19,0.285,5,1.830196235
SNPZ31,plate25-5_23_19,0.486,5,3.740840399
SNPZ31,plate25-5_23_19,0.475,5,3.647763619
SNPZ31,plate25-5_23_19,0.429,5,3.258533448
SNPZ32,plate5-3_1_19,0.272,10,1.29173004
SNPZ32,plate5-3_1_19,0.168,10,0.688497332
SNPZ32,plate5-3_1_19,0.264,10,1.245327524
SNPZ35,plate23-5_21_19,0.177,10,2.466643613
SNPZ35,plate23-5_21_19,0.236,10,3.189245267
SNPZ35,plate23-5_21_19,0.253,10,3.397452523
SNPZ39,plate7-3_8_19,0.351,5,0.91004046
SNPZ39,plate7-3_8_19,0.675,5,1.882511135
SNPZ39,plate7-3_8_19,0.329,5,0.8440085
SNPZ4,plate5-3_1_19,0.067,10,0.627400686
SNPZ4,plate5-3_1_19,0.071,10,0.769186151
SNPZ4,plate5-3_1_19,0.071,10,0.769186151
SNPZ43,plate6-3_8_19,0.322,5,0.967420302
SNPZ43,plate6-3_8_19,0.363,5,1.105526961
SNPZ43,plate6-3_8_19,0.377,5,1.152685332
SNPZ46,plate 26-5_23_19,0.126,5,0.873526714
SNPZ46,plate 26-5_23_19,0.285,5,2.088668863
SNPZ46,plate 26-5_23_19,0.162,5,1.148653239
SNPZ5,plate17-4_26_19,0.542,5,3.971212375
SNPZ5,plate17-4_26_19,0.586,5,4.278354833
SNPZ5,plate17-4_26_19,0.468,5,3.454654604
SNPZ6,plate11-3_29_19,0.291,5,3.154159602
SNPZ6,plate11-3_29_19,0.427,5,4.82784554
SNPZ6,plate11-3_29_19,0.357,5,3.966389542
SNPZ7,plate3-2_22_19,0.3,10,3.092242001
SNPZ7,plate3-2_22_19,0.456,10,4.967056428
SNPZ7,plate3-2_22_19,0.388,10,4.149829627
SNPZ7,plate14-4_5_19,0.64,5,3.718538793
SNPZ7,plate14-4_5_19,0.589,5,3.387106639
SNPZ7,plate14-4_5_19,0.758,5,4.485381816
SNPZ8,plate 27-5_23_19,0.44,5,4.420799408
SNPZ8,plate 27-5_23_19,0.314,5,3.254996299
SNPZ8,plate 27-5_23_19,0.31,5,3.217986677
SNPZ9,plate20-5_21_19,0.229,10,3.482491005
SNPZ9,plate20-5_21_19,0.23,10,3.496618758
SNPZ9,plate20-5_21_19,0.266,10,4.00521785
SNSX1,plate19-4_26_19,0.426,5,6.628370715
SNSX1,plate19-4_26_19,0.238,5,3.876916322
SNSX1,plate19-4_26_19,0.263,5,4.242801215
SNSX10,plate7-3_8_19,0.719,5,4.029150109
SNSX10,plate7-3_8_19,0.846,5,4.791519095
SNSX10,plate7-3_8_19,0.608,5,3.362827609
SNSX11,plate11-3_29_19,0.816,5,2.136684352
SNSX11,plate11-3_29_19,0.433,5,1.08926325
SNSX11,plate11-3_29_19,0.945,5,2.489471093
SNSX12,plate14-4_5_19,0.253,5,1.274350898
SNSX12,plate14-4_5_19,0.638,5,3.923514481
SNSX12,plate14-4_5_19,0.43,5,2.492278051
SNSX13,plate22-5_21_19,0.179,10,4.103930361
SNSX13,plate22-5_21_19,0.188,10,4.246372989
SNSX13,plate22-5_21_19,0.022,10,1.619097863
SNSX17,plate9-3_22_19,-0.084,5,5.43592371
SNSX17,plate9-3_22_19,-0.096,5,5.119472783
SNSX17,plate9-3_22_19,-0.099,5,5.040360051
SNSX18,plate25-5_23_19,0.503,5,3.690452015
SNSX18,plate25-5_23_19,0.597,5,4.446066237
SNSX18,plate25-5_23_19,0.477,5,3.481452336
SNSX19,plate19-4_26_19,0.303,5,5.230568463
SNSX19,plate19-4_26_19,0.275,5,4.786628127
SNSX19,plate19-4_26_19,0.268,5,4.675643043
SNSX2,plate18-4_26_19,0.836,5,4.44212884
SNSX2,plate18-4_26_19,0.646,5,3.385273744
SNSX2,plate18-4_26_19,0.4,5,2.016924515
SNSX20,plate8-3_22_19,0.839,5,4.412237893
SNSX20,plate8-3_22_19,0.434,5,2.376052448
SNSX20,plate8-3_22_19,0.687,5,3.648039899
SNSX21,plate13-4_5_19,-0.051,5,0.092272403
SNSX21,plate13-4_5_19,0.064,5,1.890802301
SNSX21,plate13-4_5_19,0.054,5,1.734408397
SNSX21,plate14-4_5_19,0.111,5,0.594513594
SNSX21,plate14-4_5_19,0.103,5,0.484418484
SNSX21,plate14-4_5_19,0.121,5,0.732132481
SNSX22,plate16-4_12_19,0.449,5,4.020258457
SNSX22,plate16-4_12_19,0.456,5,4.078899443
SNSX22,plate16-4_12_19,0.273,5,2.545856523
SNSX23,plate20-5_21_19,0.202,10,3.721250024
SNSX23,plate20-5_21_19,0.217,10,3.97554957
SNSX23,plate20-5_21_19,0.198,10,3.653436811
SNSX24,plate6-3_8_19,0.348,5,4.85300062
SNSX24,plate6-3_8_19,0.406,5,5.751704438
SNSX24,plate6-3_8_19,0.385,5,5.426311676
SNSX25,plate10-3_29_19,0.441,5,6.423274881
SNSX25,plate10-3_29_19,0.202,5,2.858931495
SNSX25,plate10-3_29_19,0.264,5,3.783572875
SNSX26,plate8-3_22_19,0.403,5,3.848340216
SNSX26,plate8-3_22_19,0.547,5,5.103233764
SNSX26,plate8-3_22_19,0.622,5,5.756824154
SNSX27,plate19-4_26_19,1.268,5,3.158562316
SNSX27,plate19-4_26_19,0.914,5,2.29507397
SNSX27,plate19-4_26_19,1.367,5,3.400046345
SNSX28,plate14-4_5_19,0.238,5,2.797715526
SNSX28,plate14-4_5_19,0.188,5,1.975824949
SNSX28,plate14-4_5_19,0.287,5,3.603168293
SNSX29,plate13-4_5_19,0.334,5,5.773802283
SNSX29,plate13-4_5_19,0.422,5,7.073609398
SNSX29,plate13-4_5_19,0.467,5,7.73828349
SNSX29,plate13-4_5_19,0.43,5,7.191773681
SNSX29,plate13-4_5_19,0.5,5,8.225711158
SNSX29,plate13-4_5_19,0.444,5,7.398561176
SNSX3,plate7-3_8_19,1.41,5,3.270863098
SNSX3,plate7-3_8_19,1.53,5,3.559002557
SNSX3,plate7-3_8_19,1.763,5,4.118473341
SNSX30,plate21-5_23_19,0.407,5,2.644506741
SNSX30,plate21-5_23_19,0.323,5,2.083833934
SNSX30,plate21-5_23_19,0.325,5,2.097183287
SNSX31,plate4-3_1_19,0.224,10,3.213670854
SNSX31,plate4-3_1_19,0.29,10,3.971178984
SNSX31,plate4-3_1_19,0.461,10,5.933813684
SNSX32,plate19-4_26_19,0.494,5,2.858841608
SNSX32,plate19-4_26_19,0.465,5,2.69968168
SNSX32,plate19-4_26_19,0.482,5,2.792982328
SNSX37,plate8-3_22_19,0.21,5,2.49973186
SNSX37,plate8-3_22_19,0.21,5,2.49973186
SNSX37,plate8-3_22_19,0.346,5,3.867244061
SNSX4,plate7-3_8_19,0.624,5,3.6318178
SNSX4,plate7-3_8_19,0.714,5,4.199092361
SNSX40,plate11-3_29_19,0.796,5,3.643480282
SNSX40,plate11-3_29_19,0.714,5,3.251039217
SNSX40,plate11-3_29_19,0.814,5,3.729625882
SNSX5,plate15-4_12_19,0.745,5,4.324370394
SNSX5,plate15-4_12_19,0.738,5,4.286289387
SNSX5,plate15-4_12_19,0.5,5,2.991535136
SNSX6,plate4-3_1_19,0.115,10,2.725881528
SNSX6,plate4-3_1_19,0.216,10,4.33590512
SNSX6,plate4-3_1_19,0.098,10,2.454887458
SNSX7,plate9-3_22_19,0.091,5,7.466333137
SNSX7,plate9-3_22_19,0.08,5,7.250845125
SNSX7,plate9-3_22_19,0.06,5,6.859048738
SNSX8,plate23-5_21_19,0.31,10,4.818304948
SNSX8,plate23-5_21_19,0.366,10,5.625198121
SNSX8,plate23-5_21_19,0.262,10,4.126682228
SNSX9,plate19-4_26_19,0.254,5,3.08331199
SNSX9,plate19-4_26_19,0.287,5,3.445538034
SNSX9,plate19-4_26_19,0.378,5,4.444403791
SNSY1,plate4-3_1_19,0.231,10,2.928011222
SNSY1,plate4-3_1_19,0.184,10,2.448511127
SNSY1,plate4-3_1_19,0.4,10,4.652171141
SNSY11,plate16-4_12_19,0.334,5,3.05687083
SNSY11,plate16-4_12_19,0.35,5,3.190907369
SNSY11,plate16-4_12_19,0.473,5,4.221313267
SNSY13,plate19-4_26_19,0.49,5,2.836888515
SNSY13,plate19-4_26_19,0.741,5,4.214445136
SNSY13,plate19-4_26_19,0.546,5,3.144231825
SNSY14,plate3-2_22_19,0.241,10,3.925233645
SNSY14,plate3-2_22_19,0.227,10,3.648111754
SNSY14,plate3-2_22_19,0.22,10,3.509550808
SNSY14,plate20-5_21_19,0.177,10,5.129316028
SNSY14,plate20-5_21_19,0.188,10,5.419405881
SNSY14,plate20-5_21_19,0.186,10,5.366662271
SNSY15,plate7-3_8_19,0.579,5,3.826492022
SNSY15,plate7-3_8_19,0.654,5,4.366753509
SNSY15,plate7-3_8_19,0.514,5,3.3582654
SNSY17,plate11-3_29_19,0.754,5,5.409601816
SNSY17,plate11-3_29_19,0.611,5,4.33414921
SNSY17,plate11-3_29_19,0.509,5,3.567043155
SNSY18,plate18-4_26_19,0.398,5,1.337199816
SNSY18,plate18-4_26_19,0.345,5,1.140661851
SNSY18,plate18-4_26_19,0.407,5,1.370574188
SNSY19,plate10-3_29_19,0.544,5,2.961627036
SNSY19,plate10-3_29_19,0.587,5,3.200244166
SNSY19,plate10-3_29_19,0.661,5,3.6108876
SNSY2,plate13-4_5_19,0.17,5,7.885728187
SNSY2,plate13-4_5_19,0.149,5,7.155889968
SNSY2,plate13-4_5_19,0.175,5,8.059499192
SNSY20,plate16-4_12_19,0.427,5,4.336300592
SNSY20,plate16-4_12_19,0.343,5,3.540822868
SNSY20,plate16-4_12_19,0.397,5,4.052201404
SNSY21,plate11-3_29_19,0.335,5,2.053136794
SNSY21,plate11-3_29_19,0.36,5,2.224060603
SNSY21,plate11-3_29_19,0.433,5,2.723158125
SNSY22,plate3-2_22_19,0.338,10,4.592729792
SNSY22,plate3-2_22_19,0.366,10,5.02820705
SNSY22,plate3-2_22_19,0.404,10,5.619211899
SNSY22,plate21-5_23_19,0.602,5,4.822972752
SNSY22,plate21-5_23_19,0.62,5,4.969815631
SNSY22,plate21-5_23_19,0.682,5,5.475607766
SNSY23,plate6-3_8_19,0.333,5,3.515656579
SNSY23,plate6-3_8_19,0.286,5,2.961545717
SNSY23,plate6-3_8_19,0.326,5,3.43312943
SNSY24,plate17-4_26_19,1.003,5,5.751382141
SNSY24,plate17-4_26_19,0.785,5,4.533981125
SNSY24,plate17-4_26_19,0.69,5,4.003462333
SNSY25,plate10-3_29_19,0.106,5,1.327654616
SNSY25,plate10-3_29_19,0.125,5,1.591243306
SNSY25,plate10-3_29_19,0.186,5,2.437501734
SNSY26,plate4-3_1_19,0.206,10,4.176496844
SNSY26,plate4-3_1_19,0.262,10,5.069183192
SNSY27,plate10-3_29_19,1.268,5,3.489636803
SNSY27,plate10-3_29_19,1.297,5,3.570100719
SNSY27,plate10-3_29_19,1.233,5,3.39252518
SNSY28,plate20-5_21_19,0.211,10,3.443404223
SNSY28,plate20-5_21_19,0.29,10,4.633902839
SNSY28,plate20-5_21_19,0.268,10,4.302371579
SNSY29,plate9-3_22_19,0.296,5,6.182747899
SNSY29,plate9-3_22_19,0.182,5,4.980234375
SNSY29,plate9-3_22_19,0.169,5,4.843105639
SNSY3,plate13-4_5_19,0.008,5,0.507498219
SNSY3,plate13-4_5_19,-0.008,5,0.382383096
SNSY3,plate13-4_5_19,0.163,5,1.719550976
SNSY30,plate 26-5_23_19,0.802,5,6.710879386
SNSY30,plate 26-5_23_19,0.651,5,5.428653918
SNSY30,plate 26-5_23_19,0.484,5,4.0105635
SNSY31,plate5-3_1_19,0.237,10,2.419375628
SNSY31,plate5-3_1_19,0.273,10,2.883400789
SNSY31,plate5-3_1_19,0.282,10,2.999407079
SNSY32,plate24-5_23_19,0.366,5,8.813683408
SNSY32,plate24-5_23_19,0.342,5,8.260089056
SNSY32,plate24-5_23_19,0.284,5,6.92223604
SNSY33,plate23-5_21_19,0.205,10,3.470649261
SNSY33,plate23-5_21_19,0.183,10,3.137805827
SNSY33,plate23-5_21_19,0.118,10,2.154404772
SNSY37,plate24-5_23_19,0.227,5,5.363647304
SNSY37,plate24-5_23_19,0.151,5,3.686818036
SNSY37,plate24-5_23_19,0.194,5,4.635550385
SNSY39,plate12-4_5_19,0.092,5,2.951374
SNSY39,plate12-4_5_19,0.1,5,3.176455
SNSY39,plate12-4_5_19,0.154,5,4.695751
SNSY39,plate14-4_5_19,0.244,5,4.378191994
SNSY39,plate14-4_5_19,0.134,5,1.644927979
SNSY39,plate14-4_5_19,0.147,5,1.96795009
SNSY4,plate6-3_8_19,0.277,5,4.079199116
SNSY4,plate6-3_8_19,0.184,5,2.512867498
SNSY4,plate6-3_8_19,0.233,5,3.338138996
SNSY40,plate16-4_12_19,0.365,5,5.046949212
SNSY40,plate16-4_12_19,0.189,5,2.803294094
SNSY40,plate16-4_12_19,0.292,5,4.116342259
SNSY5,plate22-5_21_19,0.088,10,2.959641256
SNSY5,plate22-5_21_19,0.096,10,3.100325332
SNSY5,plate22-5_21_19,0.088,10,2.959641256
SNSY6,plate 26-5_23_19,0.293,5,2.149808091
SNSY6,plate 26-5_23_19,0.323,5,2.379080194
SNSY7,plate25-5_23_19,0.094,5,2.776691882
SNSY7,plate25-5_23_19,0.094,5,2.776691882
SNSY7,plate25-5_23_19,0.083,5,2.167038974
SNSY7,plate 26-5_23_19,0.047,5,1.963375904
SNSY7,plate 26-5_23_19,0.055,5,2.408333616
SNSY7,plate 26-5_23_19,0.068,5,3.131389898
SNSY7,plate 26-5_23_19,0.032,5,1.129080194
SNSY7,plate 26-5_23_19,0.04,5,1.574037906
SNSY7,plate 26-5_23_19,0.043,5,1.740897048
SNSY8,plate13-4_5_19,0.196,5,9.888004588
SNSY8,plate13-4_5_19,0.175,5,9.066936591
SNSY8,plate13-4_5_19,0.095,5,5.939058509
SNSY8,plate13-4_5_19,0.223,5,10.94366344
SNSY8,plate13-4_5_19,0.162,5,8.558656403
SNSZ1,plate18-4_26_19,1.163,5,6.678434223
SNSZ1,plate18-4_26_19,0.628,5,3.504160672
SNSZ1,plate18-4_26_19,0.989,5,5.646053666
SNSZ10,plate19-4_26_19,0.361,5,2.128901248
SNSZ10,plate19-4_26_19,0.509,5,2.941165709
SNSZ10,plate19-4_26_19,0.36,5,2.123412974
SNSZ17,plate13-4_5_19,-0.006,5,0.928719134
SNSZ17,plate13-4_5_19,0.024,5,1.476097798
SNSZ17,plate 27-5_23_19,0.036,5,1.194948187
SNSZ17,plate 27-5_23_19,0.009,5,0.757772021
SNSZ17,plate 27-5_23_19,0.046,5,1.356865285
SNSZ18,plate15-4_12_19,0.489,5,5.081602159
SNSZ18,plate15-4_12_19,0.278,5,3.091960193
SNSZ18,plate15-4_12_19,0.43,5,4.525256775
SNSZ19,plate16-4_12_19,0.777,5,3.531134357
SNSZ19,plate16-4_12_19,0.429,5,2.010111017
SNSZ19,plate16-4_12_19,0.42,5,1.970774207
SNSZ2,plate 26-5_23_19,0.307,5,2.256801739
SNSZ2,plate 26-5_23_19,0.302,5,2.218589722
SNSZ2,plate 26-5_23_19,0.425,5,3.158605346
SNSZ20,plate7-3_8_19,0.497,5,4.044757663
SNSZ20,plate7-3_8_19,0.573,5,4.729088879
SNSZ20,plate7-3_8_19,0.521,5,4.260862257
SNSZ21,plate12-4_5_19,0.298,5,4.844608
SNSZ21,plate12-4_5_19,0.221,5,3.644753
SNSZ21,plate12-4_5_19,0.354,5,5.717229
SNSZ21,plate13-4_5_19,0.288,5,5.394025753
SNSZ21,plate13-4_5_19,0.272,5,5.143795506
SNSZ21,plate13-4_5_19,0.323,5,5.941404417
SNSZ22,plate21-5_23_19,0.505,5,4.398166689
SNSZ22,plate21-5_23_19,0.614,5,5.368219641
SNSZ22,plate21-5_23_19,0.688,5,6.026787701
SNSZ23,plate24-5_23_19,0.33,5,3.644546293
SNSZ23,plate24-5_23_19,0.427,5,4.665988046
SNSZ23,plate24-5_23_19,0.358,5,3.939395459
SNSZ24,plate8-3_22_19,0.541,5,7.770686974
SNSZ24,plate8-3_22_19,0.4,5,5.880302462
SNSZ24,plate8-3_22_19,0.422,5,6.175256073
SNSZ25,plate20-5_21_19,0.17,10,3.531938139
SNSZ25,plate20-5_21_19,0.2,10,4.097048242
SNSZ25,plate20-5_21_19,0.197,10,4.040537231
SNSZ26,plate11-3_29_19,0.325,5,1.98476727
SNSZ26,plate11-3_29_19,0.375,5,2.326614888
SNSZ26,plate11-3_29_19,0.41,5,2.565908221
SNSZ27,plate15-4_12_19,0.514,5,2.045131434
SNSZ27,plate15-4_12_19,0.5,5,1.994356757
SNSZ27,plate15-4_12_19,0.689,5,2.67981489
SNSZ27,plate17-4_26_19,0.568,5,2.076352823
SNSZ27,plate17-4_26_19,0.684,5,2.481222427
SNSZ27,plate17-4_26_19,0.637,5,2.317180432
SNSZ29,plate10-3_29_19,0.547,5,3.722843428
SNSZ29,plate10-3_29_19,0.693,5,4.735578924
SNSZ29,plate10-3_29_19,0.724,5,4.950611803
SNSZ3,plate13-4_5_19,1.435,5,6.481224043
SNSZ3,plate13-4_5_19,1.302,5,5.903435453
SNSZ3,plate13-4_5_19,1.484,5,6.694093524
SNSZ3,plate14-4_5_19,0.99,5,3.525337166
SNSZ3,plate14-4_5_19,1.184,5,4.26695006
SNSZ3,plate14-4_5_19,1.502,5,5.482583565
SNSZ32,plate17-4_26_19,0.461,5,6.811582063
SNSZ32,plate17-4_26_19,0.574,5,8.389177417
SNSZ32,plate17-4_26_19,0.524,5,7.691126375
SNSZ34,plate15-4_12_19,0.018,5,2.955086172
SNSZ34,plate15-4_12_19,0.026,5,3.303255382
SNSZ34,plate15-4_12_19,0.045,5,4.130157256
SNSZ34,plate15-4_12_19,0.058,5,4.695932223
SNSZ34,plate15-4_12_19,0.021,5,3.085649626
SNSZ34,plate15-4_12_19,0.042,5,3.999593803
SNSZ34,plate 27-5_23_19,0.066,5,4.80199852
SNSZ34,plate 27-5_23_19,0.061,5,4.570688379
SNSZ34,plate 27-5_23_19,0.074,5,5.172094745
SNSZ38,plate24-5_23_19,0.486,5,8.056803594
SNSZ38,plate24-5_23_19,0.469,5,7.784017972
SNSZ38,plate24-5_23_19,0.514,5,8.506097561
SNSZ4,plate5-3_1_19,0.238,10,2.918718259
SNSZ4,plate5-3_1_19,0.275,10,3.491015957
SNSZ4,plate5-3_1_19,0.306,10,3.970508623
SNSZ41,plate3-2_22_19,0.218,10,3.965670819
SNSZ41,plate3-2_22_19,0.234,10,4.327625942
SNSZ41,plate3-2_22_19,0.184,10,3.196516182
SNSZ41,plate19-4_26_19,0.468,5,4.828704889
SNSZ41,plate19-4_26_19,0.584,5,5.960508824
SNSZ41,plate19-4_26_19,0.393,5,4.096935104
SNSZ41,plate24-5_23_19,0.296,5,5.008023107
SNSZ41,plate24-5_23_19,0.284,5,4.815468549
SNSZ41,plate24-5_23_19,0.201,5,3.483632863
SNSZ42,plate5-3_1_19,0.362,10,2.216815756
SNSZ42,plate5-3_1_19,0.605,10,3.939509164
SNSZ42,plate5-3_1_19,0.493,10,3.145510557
SNSZ47,plate 26-5_23_19,0.034,5,0.899468428
SNSZ47,plate 26-5_23_19,0.055,5,1.746501478
SNSZ48,plate17-4_26_19,0.637,5,2.317180432
SNSZ48,plate17-4_26_19,0.446,5,1.650541688
SNSZ48,plate17-4_26_19,0.425,5,1.577246328
SNSZ5,plate19-4_26_19,0.527,5,4.391045577
SNSZ5,plate19-4_26_19,0.555,5,4.613015745
SNSZ5,plate19-4_26_19,0.741,5,6.087531862
SNSZ52,plate4-3_1_19,0.206,10,2.004718485
SNSZ52,plate4-3_1_19,0.513,10,4.353758847
SNSZ52,plate4-3_1_19,0.119,10,1.339029522
SNSZ56,plate20-5_21_19,0.209,10,3.413265018
SNSZ56,plate20-5_21_19,0.273,10,4.377719592
SNSZ56,plate20-5_21_19,0.252,10,4.061257935
SNSZ6,plate5-3_1_19,0.319,10,3.476321827
SNSZ6,plate5-3_1_19,0.327,10,3.57943853
SNSZ6,plate5-3_1_19,0.36,10,4.004794927
SNSZ7,plate11-3_29_19,0.292,5,3.518295685
SNSZ7,plate11-3_29_19,0.228,5,2.643165782
SNSZ7,plate11-3_29_19,0.259,5,3.067056829
SNSZ8,plate21-5_23_19,0.63,5,4.592177279
SNSZ8,plate21-5_23_19,0.807,5,5.904863614
SNSZ8,plate21-5_23_19,0.656,5,4.785001261
SNSZ9,plate17-4_26_19,0.296,5,5.635017032
SNSZ9,plate17-4_26_19,0.303,5,5.757175965
SNSZ9,plate17-4_26_19,0.272,5,5.216186408